CustomerID,CustomerName,CustomerEmail
747,Doloritas Brevetor,dbrevetor0@storify.com
667,Joycelin Gailor,jgailor1@globo.com
939,Dolli Handrek,dhandrek2@a8.net
458,Corena Habin,chabin3@privacy.gov.au
699,Anthia Tidgewell,atidgewell4@icio.us
176,Kariotta Loisi,kloisi5@e-recht24.de
132,Aigneis Iggulden,aiggulden6@narod.ru
527,Russell Beszant,rbeszant7@livejournal.com
622,Chaim Aujean,caujean8@livejournal.com
246,Hy Bulluck,hbulluck9@ifeng.com
472,Mallory Laba,mlabaa@ucoz.com
15,Mayor McCreedy,mmccreedyb@joomla.org
667,Cherrita Hannum,channumc@pagesperso-orange.fr
744,Terrel Revington,trevingtond@jalbum.net
585,Nicholas Hawkeridge,nhawkeridgee@rambler.ru
547,Britt Blunsum,bblunsumf@amazon.com
433,Hunter Joyes,hjoyesg@dagondesign.com
294,Karin Baiyle,kbaiyleh@statcounter.com
243,Gamaliel Gloy,ggloyi@i2i.jp
583,Lizbeth Sivewright,lsivewrightj@dyndns.org
431,Barbee Obell,bobellk@elpais.com
848,Cosetta Shelbourne,cshelbournel@google.co.jp
382,Billy Ivashkin,bivashkinm@google.es
609,Claretta Jirzik,cjirzikn@gnu.org
483,Kizzie Slixby,kslixbyo@weather.com
308,Danna Filan,dfilanp@sphinn.com
341,Lurette Cappell,lcappellq@simplemachines.org
780,Carver Perschke,cperschker@shop-pro.jp
651,Emmy Bendig,ebendigs@blog.com
238,Claresta Chipping,cchippingt@independent.co.uk
37,Francoise Dwerryhouse,fdwerryhouseu@blogspot.com
664,Zebadiah MacCartney,zmaccartneyv@privacy.gov.au
317,Sonia Duley,sduleyw@columbia.edu
326,Lauryn Denes,ldenesx@bluehost.com
683,Josh Beaument,jbeaumenty@weibo.com
998,Christabella Polycote,cpolycotez@whitehouse.gov
461,Leena Ovize,lovize10@washington.edu
49,Ervin Bilborough,ebilborough11@msn.com
82,Nerta Curedale,ncuredale12@woothemes.com
692,Elwira Sweetzer,esweetzer13@mysql.com
129,Tabitha Sugge,tsugge14@hatena.ne.jp
348,Brenda Humpherston,bhumpherston15@over-blog.com
510,Ring Sheryn,rsheryn16@g.co
691,Nikaniki Swiggs,nswiggs17@domainmarket.com
621,Ellsworth Fedorski,efedorski18@webnode.com
941,Hilliard Feares,hfeares19@rambler.ru
768,Petrina Andrault,pandrault1a@reuters.com
197,Ericka Stathers,estathers1b@amazonaws.com
896,Tobey Royce,troyce1c@vkontakte.ru
49,Jorge Dekeyser,jdekeyser1d@github.com
725,Joseph Micklewright,jmicklewright1e@cpanel.net
987,Lannie Derx,lderx1f@wikia.com
688,Rouvin Pactat,rpactat1g@addthis.com
298,Bobette Hicks,bhicks1h@devhub.com
816,Berty Seals,bseals1i@people.com.cn
595,Glori Gary,ggary1j@usa.gov
735,Malynda Boules,mboules1k@boston.com
379,Eolanda O'Lenane,eolenane1l@photobucket.com
669,Saraann Paish,spaish1m@vistaprint.com
936,Jamima Jouning,jjouning1n@mysql.com
826,Tiffie Zorzi,tzorzi1o@bizjournals.com
709,Edmon Dentith,edentith1p@bloglovin.com
990,Krystalle Reubbens,kreubbens1q@cam.ac.uk
996,Querida Lissandrini,qlissandrini1r@ftc.gov
228,Fionna Thaxter,fthaxter1s@ebay.co.uk
965,Ginnie Spellicy,gspellicy1t@washingtonpost.com
379,Marcello Teffrey,mteffrey1u@sakura.ne.jp
344,Vladamir Andriolli,vandriolli1v@facebook.com
604,Quintus Rosson,qrosson1w@mac.com
718,Hope Ransfield,hransfield1x@europa.eu
931,Mimi Luetkemeyers,mluetkemeyers1y@yolasite.com
639,Ginni Ormes,gormes1z@elegantthemes.com
430,Maire Trussell,mtrussell20@netscape.com
669,Karie England,kengland21@vimeo.com
455,Reinald Luebbert,rluebbert22@imgur.com
357,Matty Duplain,mduplain23@wired.com
956,Humberto Amor,hamor24@nymag.com
634,Karlyn Cowser,kcowser25@earthlink.net
497,Zoe Krysiak,zkrysiak26@gizmodo.com
281,Andree Fysh,afysh27@go.com
876,Paco Haffner,phaffner28@wisc.edu
917,Steffen Cosely,scosely29@bbc.co.uk
553,Baldwin Cromett,bcromett2a@free.fr
106,Cordy Sunman,csunman2b@independent.co.uk
443,Marlane Capnerhurst,mcapnerhurst2c@amazon.co.jp
643,Annalise Pattle,apattle2d@imageshack.us
57,Caresse Linthead,clinthead2e@virginia.edu
90,Phylys Duckit,pduckit2f@slideshare.net
685,Hendrika Cranfield,hcranfield2g@pinterest.com
280,Rustie Almon,ralmon2h@lulu.com
428,Jermain Maseyk,jmaseyk2i@oracle.com
52,Datha Benesevich,dbenesevich2j@macromedia.com
798,Boris Capineer,bcapineer2k@yahoo.co.jp
329,Serene Sager,ssager2l@fema.gov
263,Mill Grindell,mgrindell2m@google.fr
849,Kennith Phlipon,kphlipon2n@narod.ru
82,Nappie Waldron,nwaldron2o@craigslist.org
676,Denyse Pilling,dpilling2p@netscape.com
231,Petronia Cantua,pcantua2q@abc.net.au
205,Fredia Milnthorpe,fmilnthorpe2r@indiegogo.com
401,Susannah Kiddle,skiddle2s@cbsnews.com
604,Pauly O'Corhane,pocorhane2t@phoca.cz
319,Gweneth Tumpane,gtumpane2u@instagram.com
6,Russell Dibnah,rdibnah2v@kickstarter.com
303,Shela Barry,sbarry2w@theglobeandmail.com
816,Robbie Snead,rsnead2x@va.gov
187,Eolanda Leachman,eleachman2y@ucla.edu
151,Delmar D'eye,ddeye2z@statcounter.com
280,Nancie Hastler,nhastler30@buzzfeed.com
825,Linc Hulkes,lhulkes31@jimdo.com
912,Andra Burnhams,aburnhams32@zimbio.com
324,Arch Hovell,ahovell33@yahoo.com
888,Adah Bazire,abazire34@gmpg.org
516,Hope Churm,hchurm35@npr.org
696,Gannie Laroze,glaroze36@free.fr
835,Norene MacAndrew,nmacandrew37@webs.com
939,Erik Shillam,eshillam38@reddit.com
649,Alden Yeulet,ayeulet39@sourceforge.net
824,Tabbie Daburn,tdaburn3a@xrea.com
495,Cathleen Browning,cbrowning3b@cnbc.com
114,Sallee Geibel,sgeibel3c@over-blog.com
862,Lianna Antusch,lantusch3d@google.com.au
794,Leonora Raymond,lraymond3e@bluehost.com
631,Davidson Slinn,dslinn3f@mayoclinic.com
469,Gabriello Burriss,gburriss3g@people.com.cn
758,Aigneis Jozsika,ajozsika3h@gnu.org
603,Cecile Lowthorpe,clowthorpe3i@dropbox.com
425,Reggi Colbourn,rcolbourn3j@vistaprint.com
956,Rosalyn Vitet,rvitet3k@ucoz.ru
341,Deva Bruyet,dbruyet3l@jiathis.com
526,Gottfried Stimson,gstimson3m@nba.com
638,Dewey Bracegirdle,dbracegirdle3n@dagondesign.com
105,Mike Veryard,mveryard3o@senate.gov
837,Brennen Darbishire,bdarbishire3p@github.io
322,Agretha Kraft,akraft3q@icio.us
360,Thurston Comoletti,tcomoletti3r@godaddy.com
989,Xever Massow,xmassow3s@hatena.ne.jp
87,Letizia Ganders,lganders3t@networkadvertising.org
301,Betteanne Hulke,bhulke3u@google.co.uk
305,Rutter Walden,rwalden3v@lycos.com
674,Tabina Bamblett,tbamblett3w@jugem.jp
432,Cosme Clint,cclint3x@slideshare.net
585,Trev Bowne,tbowne3y@qq.com
201,Carolee Redshaw,credshaw3z@odnoklassniki.ru
491,Milzie Rump,mrump40@dagondesign.com
842,Jennine Wayte,jwayte41@ihg.com
17,Ramona Pavy,rpavy42@mac.com
873,Mireielle Cookley,mcookley43@feedburner.com
235,Huntlee Battelle,hbattelle44@storify.com
966,Rodolphe Mann,rmann45@istockphoto.com
991,Marline Waker,mwaker46@skyrock.com
695,Cornie Baynom,cbaynom47@ezinearticles.com
794,Timofei Oakman,toakman48@amazon.co.jp
497,Meryl Coulthard,mcoulthard49@aol.com
303,Lauralee Skentelbury,lskentelbury4a@ca.gov
557,Marcia Saffill,msaffill4b@nhs.uk
478,Evania Astlett,eastlett4c@facebook.com
681,Missy McKinty,mmckinty4d@livejournal.com
944,Delano Cater,dcater4e@weather.com
879,Dallis Randalson,drandalson4f@ox.ac.uk
570,Moritz Hattersley,mhattersley4g@earthlink.net
724,Rodney Vynall,rvynall4h@wufoo.com
705,Rodrigo Halford,rhalford4i@netscape.com
360,Georgianne Santello,gsantello4j@uiuc.edu
786,Auguste Bridgestock,abridgestock4k@google.fr
654,Amaleta Le Gall,ale4l@goo.ne.jp
864,Renae Natalie,rnatalie4m@examiner.com
844,Agretha Pendrigh,apendrigh4n@example.com
263,Cecilius Ravel,cravel4o@skype.com
553,Marve Robottham,mrobottham4p@imageshack.us
266,Andreana Sidgwick,asidgwick4q@bigcartel.com
480,Hewet Tremayne,htremayne4r@wiley.com
70,Albrecht Blindt,ablindt4s@alibaba.com
767,Sherlocke Milam,smilam4t@w3.org
837,Merridie Arbon,marbon4u@a8.net
690,Harwilll Thomkins,hthomkins4v@mail.ru
159,Ritchie Blakeslee,rblakeslee4w@merriam-webster.com
764,Sherwin Nossent,snossent4x@mozilla.org
639,Carrol Stollmeier,cstollmeier4y@list-manage.com
151,Emmalynn Gotch,egotch4z@seesaa.net
792,Herve Bossons,hbossons50@wsj.com
580,Julietta Ghent,jghent51@google.cn
492,Kendal Offield,koffield52@latimes.com
684,Bertrando Palffrey,bpalffrey53@mayoclinic.com
469,Justine Bissatt,jbissatt54@jalbum.net
369,Cordey Kachel,ckachel55@dell.com
81,Ricky Dohmer,rdohmer56@youtube.com
612,Kristan Keeffe,kkeeffe57@nsw.gov.au
984,Merrily Mattiato,mmattiato58@oracle.com
993,Ursola Passe,upasse59@independent.co.uk
624,Drusi Couper,dcouper5a@taobao.com
688,Alwyn Schrieves,aschrieves5b@usa.gov
803,Saul Melby,smelby5c@rambler.ru
812,Frederic Fer,ffer5d@google.cn
560,Delaney Lavies,dlavies5e@si.edu
58,Darlene Wren,dwren5f@icio.us
899,Renault Ivanichev,rivanichev5g@kickstarter.com
955,Thelma Crumbie,tcrumbie5h@histats.com
369,Daryn Grouer,dgrouer5i@yale.edu
437,Rosemonde Lavall,rlavall5j@privacy.gov.au
273,Min Yewdall,myewdall5k@indiatimes.com
903,Georgie Sillwood,gsillwood5l@multiply.com
248,Rozalin Lindman,rlindman5m@jalbum.net
586,Dorrie Grayshon,dgrayshon5n@answers.com
739,Pierce Walls,pwalls5o@cyberchimps.com
990,Tobin Streatfeild,tstreatfeild5p@ftc.gov
491,Caritta Goodship,cgoodship5q@uol.com.br
839,Charlton Goodban,cgoodban5r@deliciousdays.com
685,Domenic Clague,dclague5s@ihg.com
554,Peta Sutterby,psutterby5t@fotki.com
785,Therine Knapton,tknapton5u@thetimes.co.uk
216,Jacklyn Luchelli,jluchelli5v@cbslocal.com
186,Padget Lehrmann,plehrmann5w@fotki.com
856,Carrol Fiorentino,cfiorentino5x@engadget.com
200,Jarrad Stiddard,jstiddard5y@boston.com
580,Kurt Ginley,kginley5z@wikimedia.org
256,Banky Shapiro,bshapiro60@edublogs.org
315,Bamby Poe,bpoe61@shutterfly.com
649,Billye Hawyes,bhawyes62@census.gov
14,Shandie Larrat,slarrat63@comsenz.com
995,Lev Comar,lcomar64@opera.com
824,Jermaine Musprat,jmusprat65@phoca.cz
677,Reamonn Carillo,rcarillo66@bing.com
359,Kristopher Laffranconi,klaffranconi67@slashdot.org
873,Heath Warwick,hwarwick68@sakura.ne.jp
98,Ethe Chetwin,echetwin69@salon.com
43,Ammamaria McGeouch,amcgeouch6a@woothemes.com
894,Holmes Godfery,hgodfery6b@phpbb.com
160,Kaine Wyburn,kwyburn6c@about.com
577,Boothe Ashdown,bashdown6d@taobao.com
625,Florentia Ketchaside,fketchaside6e@list-manage.com
253,Wendy Moisey,wmoisey6f@artisteer.com
821,Glenn Boustead,gboustead6g@reverbnation.com
675,Nina Currell,ncurrell6h@ihg.com
981,Fons Quested,fquested6i@phoca.cz
78,Emlen Bourgaize,ebourgaize6j@aol.com
188,Alvy Camies,acamies6k@ox.ac.uk
969,Thebault Earley,tearley6l@newyorker.com
74,Devy Mackley,dmackley6m@php.net
146,Ashlen Worsham,aworsham6n@netvibes.com
759,Ilyse Lieb,ilieb6o@soundcloud.com
495,Gerhardt Weldrick,gweldrick6p@printfriendly.com
461,Jeanelle Dacca,jdacca6q@wisc.edu
453,Yorgos Graybeal,ygraybeal6r@4shared.com
592,Ryan Critchley,rcritchley6s@sogou.com
861,Tamiko Pymer,tpymer6t@princeton.edu
490,Melany Dreossi,mdreossi6u@vistaprint.com
958,Paulie Quinnet,pquinnet6v@webmd.com
441,Gale Cheak,gcheak6w@delicious.com
259,Eran Procter,eprocter6x@senate.gov
666,Prudence Pesterfield,ppesterfield6y@canalblog.com
612,Tiphani Tussaine,ttussaine6z@youtu.be
34,Isahella Hadgkiss,ihadgkiss70@joomla.org
997,Lanae MacCague,lmaccague71@drupal.org
872,Janna Beagrie,jbeagrie72@devhub.com
436,Alberta Powelee,apowelee73@issuu.com
81,Edvard Bonner,ebonner74@hugedomains.com
727,Deedee Birdwhistell,dbirdwhistell75@feedburner.com
696,Tania McGrath,tmcgrath76@usda.gov
835,Dante Slevin,dslevin77@rakuten.co.jp
739,Norris Murr,nmurr78@umn.edu
925,Thaddeus Vatcher,tvatcher79@intel.com
143,Nissy Setch,nsetch7a@stanford.edu
135,Dru Tupie,dtupie7b@ow.ly
262,Aubine Cripin,acripin7c@columbia.edu
954,Godart Ovendale,govendale7d@washington.edu
185,Bradney Delaprelle,bdelaprelle7e@diigo.com
249,Miguel O' Flaherty,mo7f@google.ca
104,Pierson Prewett,pprewett7g@fastcompany.com
117,Odille Winckworth,owinckworth7h@vkontakte.ru
952,Lynett Bloss,lbloss7i@wix.com
405,Yardley McNamara,ymcnamara7j@apple.com
253,Lind Greenacre,lgreenacre7k@g.co
360,Agnola Duchasteau,aduchasteau7l@pcworld.com
810,Evania Stanbro,estanbro7m@trellian.com
181,Reinaldo Simondson,rsimondson7n@about.me
959,Nickie Schankel,nschankel7o@webnode.com
516,Leticia Roston,lroston7p@aol.com
892,Cale Barr,cbarr7q@shop-pro.jp
811,Carroll Dodson,cdodson7r@imgur.com
212,Petr Swabey,pswabey7s@wikispaces.com
79,Joli Phipps,jphipps7t@jimdo.com
128,Grata Giacomazzo,ggiacomazzo7u@cyberchimps.com
813,Gibby Gumbley,ggumbley7v@utexas.edu
619,Katrine McAmish,kmcamish7w@biglobe.ne.jp
408,Isacco Palfreman,ipalfreman7x@examiner.com
290,Charis Brackenridge,cbrackenridge7y@weebly.com
333,Florida Weekes,fweekes7z@tiny.cc
572,Ringo Matusovsky,rmatusovsky80@pagesperso-orange.fr
125,Blair Chaperlin,bchaperlin81@mit.edu
351,Saree Martinon,smartinon82@reference.com
172,Leoine Langsdon,llangsdon83@xrea.com
275,Samantha Siburn,ssiburn84@home.pl
708,Egan Breakspear,ebreakspear85@time.com
593,Easter Gyrgorwicx,egyrgorwicx86@dagondesign.com
354,Pietra Mapson,pmapson87@rambler.ru
24,Ferd MacAndrew,fmacandrew88@apple.com
747,Kylie Brixham,kbrixham89@webnode.com
867,Vinita Donat,vdonat8a@t.co
943,Lyndsie Mayhou,lmayhou8b@usnews.com
166,Mallory Casiroli,mcasiroli8c@microsoft.com
581,Berny Symper,bsymper8d@answers.com
821,Kliment Abrahams,kabrahams8e@edublogs.org
430,Peggy Beveredge,pbeveredge8f@bbb.org
195,Caralie Huitt,chuitt8g@princeton.edu
528,Dedra Larking,dlarking8h@naver.com
395,Debbi Benoiton,dbenoiton8i@tiny.cc
995,Therese Phifer,tphifer8j@blogger.com
983,Dorelia Hunn,dhunn8k@businessweek.com
767,Amberly Webermann,awebermann8l@bravesites.com
743,Rod Jobke,rjobke8m@gizmodo.com
423,Edyth Albers,ealbers8n@yolasite.com
75,Barris Chasen,bchasen8o@ezinearticles.com
685,Romeo Glasscoo,rglasscoo8p@posterous.com
84,Stevy Gurg,sgurg8q@reference.com
509,Aindrea Tyt,atyt8r@va.gov
619,Kale Boreham,kboreham8s@cdbaby.com
511,Alastair Lightwood,alightwood8t@telegraph.co.uk
36,Ingaberg Deerr,ideerr8u@toplist.cz
285,Domenico Sunnex,dsunnex8v@businesswire.com
43,Joane Popland,jpopland8w@amazon.com
235,Andres Verbrugghen,averbrugghen8x@bbc.co.uk
189,Riobard Davsley,rdavsley8y@theatlantic.com
695,Thurston Kinsella,tkinsella8z@imgur.com
469,Zaccaria Overpool,zoverpool90@xrea.com
657,Bartlett Wyldbore,bwyldbore91@apache.org
665,Krista Raccio,kraccio92@goo.gl
779,Rafaela Dunk,rdunk93@wufoo.com
897,Blake Boncore,bboncore94@ucsd.edu
530,Dennison Tring,dtring95@altervista.org
907,Farica Gauntley,fgauntley96@wp.com
759,Alexei Bownes,abownes97@bloglines.com
940,Tod Barukh,tbarukh98@unc.edu
945,Elset Croisier,ecroisier99@sitemeter.com
526,Halsey Rainbird,hrainbird9a@cisco.com
659,Lyn Alfonzo,lalfonzo9b@shareasale.com
262,Giffer Manuely,gmanuely9c@ucsd.edu
86,Gayleen Loomes,gloomes9d@webs.com
237,Donnell Soule,dsoule9e@liveinternet.ru
335,Yvor Rollett,yrollett9f@desdev.cn
395,Silva Meni,smeni9g@seattletimes.com
585,Hurley Artz,hartz9h@blogtalkradio.com
724,Gerome Rosenbush,grosenbush9i@seattletimes.com
579,Emmi Bolles,ebolles9j@icq.com
294,Laurianne Bilsborrow,lbilsborrow9k@marriott.com
283,Ana Camlin,acamlin9l@tumblr.com
694,Kingsley Fouracre,kfouracre9m@cafepress.com
613,Alexis Barkus,abarkus9n@google.co.uk
982,Paxton Leupold,pleupold9o@jalbum.net
735,Albie Dugmore,adugmore9p@wired.com
34,Wernher Bierton,wbierton9q@cmu.edu
260,Howey Duckhouse,hduckhouse9r@friendfeed.com
973,Windham Phillippo,wphillippo9s@go.com
331,Gregor Saurat,gsaurat9t@omniture.com
868,Farly Blanchet,fblanchet9u@opera.com
48,Beau Costley,bcostley9v@phpbb.com
766,Berky Fahrenbacher,bfahrenbacher9w@123-reg.co.uk
385,Kaela Trays,ktrays9x@ibm.com
231,Catlin Seed,cseed9y@census.gov
433,Ambrosi Jacobs,ajacobs9z@imgur.com
878,Elle Outridge,eoutridgea0@t.co
245,Sacha Pawelski,spawelskia1@salon.com
839,Hew Cranton,hcrantona2@elpais.com
874,Alexander Rosenberger,arosenbergera3@w3.org
519,Steffie Giovanetti,sgiovanettia4@ucsd.edu
659,Bernita Corzon,bcorzona5@mapquest.com
602,Sileas Pickup,spickupa6@123-reg.co.uk
773,Kim Lohden,klohdena7@miitbeian.gov.cn
613,Violet Bangham,vbanghama8@slashdot.org
769,Giffard Cosins,gcosinsa9@wikia.com
111,Neda Grollmann,ngrollmannaa@thetimes.co.uk
695,Sophi Giberd,sgiberdab@tumblr.com
614,Lian Hurler,lhurlerac@chronoengine.com
53,Carolynn Kaplin,ckaplinad@epa.gov
958,Nance Kirimaa,nkirimaaae@reference.com
858,Meaghan Vine,mvineaf@mac.com
661,Jannel Jell,jjellag@shareasale.com
578,Darb Jales,djalesah@t.co
157,Lorne Matussevich,lmatussevichai@friendfeed.com
615,Johnny Menghi,jmenghiaj@comcast.net
573,Arni Stratiff,astratiffak@cafepress.com
313,Margalo Jakab,mjakabal@un.org
788,Brianna Ortzen,bortzenam@nifty.com
259,Corinne Klemenz,cklemenzan@purevolume.com
612,Cathlene Seel,cseelao@ucla.edu
864,Joly O'Flynn,joflynnap@ameblo.jp
544,Carlin Garey,cgareyaq@mayoclinic.com
476,Sloane Afield,safieldar@dailymail.co.uk
333,Washington Panswick,wpanswickas@dmoz.org
448,Brion Toffoloni,btoffoloniat@amazon.co.jp
940,Elora Harriskine,eharriskineau@nifty.com
535,Twyla Mounsie,tmounsieav@seesaa.net
218,Althea Stoney,astoneyaw@exblog.jp
832,Malcolm Fearfull,mfearfullax@furl.net
190,Cass Dyball,cdyballay@un.org
132,Ulrich Aisman,uaismanaz@dot.gov
197,Rad Feighry,rfeighryb0@nsw.gov.au
626,Starlin Ripper,sripperb1@state.gov
901,Olin Lacroix,olacroixb2@tamu.edu
658,Francesco Fulks,ffulksb3@icio.us
658,Harwell Case,hcaseb4@scientificamerican.com
793,Benito Glazzard,bglazzardb5@tumblr.com
174,Tiffi Sach,tsachb6@rambler.ru
571,Rose Bellwood,rbellwoodb7@theguardian.com
266,Zolly O'Loughane,zoloughaneb8@fema.gov
939,Terrence Raynard,traynardb9@utexas.edu
881,Kippy Jose,kjoseba@wordpress.com
826,Tracie McGarva,tmcgarvabb@printfriendly.com
915,Colene Askaw,caskawbc@baidu.com
790,Harri Pudge,hpudgebd@edublogs.org
400,Clarine Benjefield,cbenjefieldbe@epa.gov
754,Cyb Curnick,ccurnickbf@indiegogo.com
661,Krispin McDoual,kmcdoualbg@reddit.com
467,Brent Oppie,boppiebh@reuters.com
640,Harwell Muschette,hmuschettebi@ucoz.ru
185,Felicia Dumelow,fdumelowbj@e-recht24.de
672,Ingemar Pfeuffer,ipfeufferbk@sogou.com
457,Lynna Pettingall,lpettingallbl@mit.edu
714,Hersch Organer,horganerbm@ezinearticles.com
772,Val Gundrey,vgundreybn@booking.com
580,Dani Duley,dduleybo@oakley.com
873,Leonanie Maryska,lmaryskabp@t.co
552,Jewell Ogilvy,jogilvybq@tamu.edu
198,Alyosha Cominoli,acominolibr@bloomberg.com
446,Lamont Elton,leltonbs@tiny.cc
452,Kass Geddes,kgeddesbt@wikimedia.org
302,Pippo Hector,phectorbu@wisc.edu
588,Darcy Hayhurst,dhayhurstbv@vkontakte.ru
215,Briggs Hickeringill,bhickeringillbw@unicef.org
71,Janna Harnes,jharnesbx@pinterest.com
749,Tobie Divisek,tdivisekby@pinterest.com
854,Judie Dymock,jdymockbz@canalblog.com
151,Cecilio O'Cahey,cocaheyc0@dropbox.com
537,Brandea Dowtry,bdowtryc1@wired.com
486,Son Wolland,swollandc2@sbwire.com
600,Matt McIlvaney,mmcilvaneyc3@homestead.com
306,Pepillo Palfrie,ppalfriec4@vinaora.com
515,Blondelle Humbert,bhumbertc5@miitbeian.gov.cn
702,Michele Tremmil,mtremmilc6@xinhuanet.com
411,Veriee Durtnall,vdurtnallc7@usnews.com
279,Eugene Thickins,ethickinsc8@ft.com
637,Lanny Kramer,lkramerc9@zdnet.com
507,Gnni Ech,gechca@tiny.cc
945,Rufus Castanaga,rcastanagacb@zdnet.com
440,Casie Dunham,cdunhamcc@usatoday.com
553,Vivia Leworthy,vleworthycd@newsvine.com
244,Nelson Galton,ngaltonce@tripadvisor.com
12,Marmaduke Wickliffe,mwickliffecf@reference.com
657,Dell Hincham,dhinchamcg@noaa.gov
365,Carley Tyers,ctyersch@edublogs.org
376,Carroll Permain,cpermainci@phoca.cz
261,Mirabelle Basnall,mbasnallcj@gnu.org
896,Lemuel Westfalen,lwestfalenck@joomla.org
650,Towney Gergely,tgergelycl@sphinn.com
241,Conway Atlee,catleecm@wordpress.org
731,Gregorius Martijn,gmartijncn@printfriendly.com
326,Nessie Austins,naustinsco@privacy.gov.au
211,Lowe Clawson,lclawsoncp@photobucket.com
156,Magdalena Prodrick,mprodrickcq@tumblr.com
213,Manya Getten,mgettencr@qq.com
885,Jessie Ramard,jramardcs@pinterest.com
229,Preston McSharry,pmcsharryct@google.es
764,Torey Hyde,thydecu@ed.gov
835,Laetitia Bohling,lbohlingcv@npr.org
947,Maxie Trevillion,mtrevillioncw@biglobe.ne.jp
383,May Rivlin,mrivlincx@photobucket.com
727,Essa Faragher,efaraghercy@paginegialle.it
937,Bria Parrish,bparrishcz@feedburner.com
480,Mandie Hounsom,mhounsomd0@sourceforge.net
501,Martin Molloy,mmolloyd1@nps.gov
201,Bald Norres,bnorresd2@liveinternet.ru
938,Hamil Morena,hmorenad3@google.co.jp
32,Bryanty Danbury,bdanburyd4@hubpages.com
7,Umberto Goslin,ugoslind5@digg.com
430,Madelaine Sculley,msculleyd6@tumblr.com
953,Isaac Maidment,imaidmentd7@cyberchimps.com
935,Cristina Ratazzi,cratazzid8@sitemeter.com
94,Addie Kamiyama,akamiyamad9@usatoday.com
96,Goober Stainfield,gstainfieldda@webnode.com
998,Jackquelin Al Hirsi,jaldb@amazon.de
825,Agatha Clever,acleverdc@cbslocal.com
834,Robbie Barnwille,rbarnwilledd@wsj.com
604,Therine Scocroft,tscocroftde@aol.com
626,Sherilyn Merveille,smerveilledf@forbes.com
593,Germaine Lemarie,glemariedg@jugem.jp
97,Carey Filipczak,cfilipczakdh@hatena.ne.jp
648,Anthiathia Ughini,aughinidi@twitpic.com
812,Tiffy Ebanks,tebanksdj@hibu.com
360,Karolina Jolliman,kjollimandk@homestead.com
500,Tarrance Cesconi,tcesconidl@independent.co.uk
43,Drucill Faulkner,dfaulknerdm@alibaba.com
356,Pepito Woollhead,pwoollheaddn@a8.net
609,Reggi Erdis,rerdisdo@go.com
456,Brett Sayre,bsayredp@omniture.com
259,Jada Adey,jadeydq@ow.ly
368,Gerta Screas,gscreasdr@craigslist.org
707,Walden Hynd,whyndds@seesaa.net
527,Dela McQuilty,dmcquiltydt@earthlink.net
2,Amata Itzak,aitzakdu@webmd.com
455,Olva Pynner,opynnerdv@blogs.com
770,Maurizia Dyter,mdyterdw@icq.com
75,Mikel Carvil,mcarvildx@addthis.com
470,Bennett Kamien,bkamiendy@tuttocitta.it
338,Justen Varndell,jvarndelldz@eepurl.com
903,Juieta Ewbach,jewbache0@senate.gov
85,Obidiah Stollenbeck,ostollenbecke1@yale.edu
818,Easter Citrine,ecitrinee2@altervista.org
179,Codie Videler,cvidelere3@e-recht24.de
608,Iorgos Luff,iluffe4@nature.com
610,Bennie Costerd,bcosterde5@barnesandnoble.com
155,Nevsa Stronack,nstronacke6@cnet.com
79,Solly Ammer,sammere7@msu.edu
701,Nathanial Moxted,nmoxtede8@scientificamerican.com
269,Benedicta Franke,bfrankee9@oracle.com
652,Fitzgerald Stockow,fstockowea@xinhuanet.com
230,Siana Cod,scodeb@umich.edu
888,Meredith Yaxley,myaxleyec@mediafire.com
399,Fidelia Maskell,fmaskelled@comsenz.com
284,Peta Grimsditch,pgrimsditchee@360.cn
988,Paola Noury,pnouryef@is.gd
188,Gonzales Dumphries,gdumphrieseg@merriam-webster.com
329,Pasquale Burman,pburmaneh@de.vu
895,Nan Gadesby,ngadesbyei@wsj.com
768,Deedee Klauber,dklauberej@omniture.com
475,Chic Dalinder,cdalinderek@clickbank.net
264,Carlin Aubray,caubrayel@g.co
725,Dulce Dennes,ddennesem@simplemachines.org
581,Doralyn Veneur,dveneuren@aboutads.info
931,Frants McCanny,fmccannyeo@flickr.com
716,Belle Lamble,blambleep@umn.edu
284,Desiree Barkway,dbarkwayeq@adobe.com
779,Aeriel Tippler,atipplerer@hp.com
695,Gauthier Cordero,gcorderoes@mit.edu
718,Zorine Brownbill,zbrownbillet@cocolog-nifty.com
156,Elli Stalley,estalleyeu@newsvine.com
305,Byrann Putson,bputsonev@topsy.com
65,Bessy Balmforth,bbalmforthew@opera.com
389,Shandee Causon,scausonex@twitpic.com
530,Correy Rigmand,crigmandey@wiley.com
982,Kameko Weldon,kweldonez@upenn.edu
600,Roddy Yurshev,ryurshevf0@discuz.net
223,Duke Easby,deasbyf1@arizona.edu
365,Desiree Patrone,dpatronef2@instagram.com
420,Erna Filippucci,efilippuccif3@hhs.gov
105,Marabel Dibdale,mdibdalef4@chicagotribune.com
712,Juditha O'Towey,jotoweyf5@cdbaby.com
322,Pavla Kenryd,pkenrydf6@issuu.com
544,Marquita Fleisch,mfleischf7@scientificamerican.com
884,Brice Sautter,bsautterf8@mapquest.com
657,Farica Sangster,fsangsterf9@istockphoto.com
66,Maridel Leghorn,mleghornfa@mysql.com
798,Margery Wippermann,mwippermannfb@vk.com
75,Stinky Zanolli,szanollifc@sfgate.com
732,Ivar Noblet,inobletfd@hp.com
372,Georges Piccop,gpiccopfe@pbs.org
772,Nat Lazare,nlazareff@cornell.edu
912,Myer Leadbeatter,mleadbeatterfg@acquirethisname.com
97,Sharon Mitie,smitiefh@biglobe.ne.jp
317,Dolorita Hulk,dhulkfi@gnu.org
408,Kinna Surgeon,ksurgeonfj@ebay.com
604,Izabel Di Ruggiero,idifk@printfriendly.com
315,Olin Faulkner,ofaulknerfl@github.com
25,Adora Kinchley,akinchleyfm@statcounter.com
220,Gorden Yarrow,gyarrowfn@cbslocal.com
16,Becka Jiggins,bjigginsfo@dot.gov
574,Dolores Tottman,dtottmanfp@mac.com
578,Myrtia Wiburn,mwiburnfq@photobucket.com
507,Allen O'Scanlan,aoscanlanfr@nba.com
732,Simmonds Caurah,scaurahfs@usatoday.com
95,Ester Ferryn,eferrynft@jigsy.com
421,Loralyn Cuchey,lcucheyfu@list-manage.com
233,Vanya Mitchely,vmitchelyfv@netscape.com
1,Micheline Spurritt,mspurrittfw@bloglines.com
117,June Pallent,jpallentfx@odnoklassniki.ru
239,Felicity Mackneis,fmackneisfy@biblegateway.com
847,Orel Stonehewer,ostonehewerfz@tripod.com
788,Arvin Eustice,aeusticeg0@over-blog.com
28,Frederik Capper,fcapperg1@typepad.com
400,Sydel Rounsefell,srounsefellg2@ed.gov
368,Gert Brock,gbrockg3@vkontakte.ru
827,Burlie Oram,boramg4@plala.or.jp
842,Angie Axton,aaxtong5@opera.com
236,Barb Stanbrooke,bstanbrookeg6@wufoo.com
722,Bondy Rowth,browthg7@guardian.co.uk
687,Beverlie Berrick,bberrickg8@phoca.cz
952,Matthias Allder,mallderg9@time.com
158,Lusa Botton,lbottonga@cafepress.com
484,Idette Clemetts,iclemettsgb@home.pl
175,Koren Exroll,kexrollgc@amazon.co.uk
64,Cathrin Pinyon,cpinyongd@liveinternet.ru
122,Valentin Barczewski,vbarczewskige@ifeng.com
527,Ritchie Dulson,rdulsongf@nps.gov
880,Tades Baise,tbaisegg@oracle.com
74,Gilles Fiorentino,gfiorentinogh@icq.com
682,Pollyanna Pitt,ppittgi@apache.org
363,Pietro Abbiss,pabbissgj@upenn.edu
827,Lyda Lucks,llucksgk@accuweather.com
231,Chelsae Quinney,cquinneygl@typepad.com
566,Sande Harrill,sharrillgm@google.ca
791,Vaughan Pyrah,vpyrahgn@alexa.com
301,Nita Emer,nemergo@ftc.gov
873,Reta Elcomb,relcombgp@fema.gov
391,Ingunna Wimpress,iwimpressgq@vimeo.com
898,Alleen Dufer,adufergr@senate.gov
789,Karine Dunabie,kdunabiegs@harvard.edu
217,Aube Hullyer,ahullyergt@multiply.com
652,Erik Valder,evaldergu@admin.ch
249,Nancey Chillingsworth,nchillingsworthgv@nih.gov
504,Barbe Borrill,bborrillgw@state.gov
839,Gwyneth Proctor,gproctorgx@weather.com
963,Kittie Zahor,kzahorgy@admin.ch
466,Avis Percival,apercivalgz@google.fr
221,Lindy Ottewill,lottewillh0@com.com
617,Melamie Harrison,mharrisonh1@reverbnation.com
1000,Rosanna Muttock,rmuttockh2@wp.com
720,Zachery Clissold,zclissoldh3@cnet.com
427,Evvie Martinuzzi,emartinuzzih4@nytimes.com
181,Gaby Beglin,gbeglinh5@xing.com
719,Nikkie Wrighton,nwrightonh6@apache.org
722,Cissiee Flanner,cflannerh7@amazon.co.uk
733,Frannie Foard,ffoardh8@jalbum.net
890,Mallory McIsaac,mmcisaach9@sina.com.cn
52,Kelsey Authers,kauthersha@redcross.org
909,Sky Reede,sreedehb@hugedomains.com
102,Gerard Scamadin,gscamadinhc@google.cn
168,Jose Stoneman,jstonemanhd@nyu.edu
189,Zechariah Canwell,zcanwellhe@globo.com
934,Pancho Durn,pdurnhf@wix.com
43,Melanie Trahear,mtrahearhg@hostgator.com
849,Case Sprigin,cspriginhh@nymag.com
395,Giusto Kembery,gkemberyhi@nymag.com
264,Tamas Blaxill,tblaxillhj@xing.com
19,Maddy Coley,mcoleyhk@smugmug.com
650,Edan Dobrowolny,edobrowolnyhl@canalblog.com
925,Keenan Standidge,kstandidgehm@de.vu
489,Pooh Scholling,pschollinghn@hostgator.com
465,Forester Stainer,fstainerho@hc360.com
9,Carrie Staff,cstaffhp@dailymail.co.uk
674,Shurwood Swatton,sswattonhq@hc360.com
283,Wren Kulver,wkulverhr@w3.org
299,Kristen Ruprecht,kruprechths@liveinternet.ru
998,Bobbette de Juares,bdeht@prnewswire.com
200,Eolanda Domenge,edomengehu@nhs.uk
181,Julianna Paydon,jpaydonhv@sitemeter.com
653,Jeremiah Benyon,jbenyonhw@hexun.com
144,Yehudi Guillond,yguillondhx@symantec.com
78,Corry Petofi,cpetofihy@google.cn
828,Tate Moysey,tmoyseyhz@ask.com
85,Lee Boulger,lboulgeri0@telegraph.co.uk
405,Salomo Irdale,sirdalei1@about.com
386,Neddy Girhard,ngirhardi2@myspace.com
487,Huntley Byrd,hbyrdi3@booking.com
993,Frannie Giamelli,fgiamellii4@wp.com
489,Charin McAvaddy,cmcavaddyi5@ovh.net
318,Ingeberg Sacchetti,isacchettii6@woothemes.com
434,Carmelina Tudhope,ctudhopei7@prnewswire.com
141,Jobina Risson,jrissoni8@goo.gl
779,Dosi Kluger,dklugeri9@webnode.com
764,Sigrid Curley,scurleyia@studiopress.com
439,Harmonia Cambden,hcambdenib@timesonline.co.uk
843,Nevile Vigars,nvigarsic@trellian.com
19,Marnia Insull,minsullid@blogger.com
425,Petronilla Dubery,pduberyie@ycombinator.com
527,Hasheem De Giorgis,hdeif@google.pl
118,Sawyere Abramcik,sabramcikig@facebook.com
341,Yasmin Bowlesworth,ybowlesworthih@dropbox.com
538,Nikoletta O'Hederscoll,nohederscollii@bing.com
419,Celesta Mora,cmoraij@adobe.com
324,Veronique McKinn,vmckinnik@google.com
294,Les Batten,lbattenil@uiuc.edu
487,Ethelind Juniper,ejuniperim@artisteer.com
572,Jamesy Bownas,jbownasin@wikipedia.org
965,Bibbie Rogerot,brogerotio@unc.edu
367,Romain Toby,rtobyip@globo.com
348,Neale Parish,nparishiq@oaic.gov.au
370,Anissa Tute,atuteir@cnn.com
44,Pincus Hurdiss,phurdissis@psu.edu
886,Margette Roche,mrocheit@webeden.co.uk
487,Fannie Heffernon,fheffernoniu@ebay.co.uk
812,Maximo Marl,mmarliv@state.gov
182,Deck Searle,dsearleiw@webs.com
57,Jeanna Standing,jstandingix@businessinsider.com
414,Josselyn Taber,jtaberiy@e-recht24.de
577,Dewie Wolvey,dwolveyiz@github.com
546,Viviyan Ogborne,vogbornej0@wikimedia.org
673,Morgen Petrulis,mpetrulisj1@tripadvisor.com
813,Isaac Conrad,iconradj2@smugmug.com
287,Brinna Lovelace,blovelacej3@is.gd
96,Allys Dederick,adederickj4@list-manage.com
832,Alix Giriardelli,agiriardellij5@clickbank.net
973,Cliff McClelland,cmcclellandj6@discovery.com
529,Anjanette Hews,ahewsj7@washington.edu
667,Lesley Coumbe,lcoumbej8@theatlantic.com
194,Jacklin McCoid,jmccoidj9@booking.com
490,Abner Jephcote,ajephcoteja@ox.ac.uk
342,Gabie Fallis,gfallisjb@goodreads.com
425,Leonidas McLernon,lmclernonjc@walmart.com
473,Shae Rassell,srasselljd@youku.com
657,Stoddard Marquis,smarquisje@so-net.ne.jp
8,Virginia Eakens,veakensjf@whitehouse.gov
706,Bret Shakeshaft,bshakeshaftjg@hc360.com
415,Ardelle Slateford,aslatefordjh@i2i.jp
956,Janifer McKelvey,jmckelveyji@jugem.jp
831,Tedi Sneesbie,tsneesbiejj@eventbrite.com
714,Arnie Seary,asearyjk@mapquest.com
115,Muire Bartholomew,mbartholomewjl@yolasite.com
859,Arden Brandham,abrandhamjm@woothemes.com
942,Florette Witchalls,fwitchallsjn@wufoo.com
115,Haleigh Hartup,hhartupjo@nps.gov
407,Marthe Thouless,mthoulessjp@utexas.edu
810,Jayne Kingscott,jkingscottjq@123-reg.co.uk
888,Duffie Lesser,dlesserjr@dion.ne.jp
688,Fraze Checchi,fchecchijs@xing.com
951,Ed Masey,emaseyjt@businessweek.com
760,Dorotea Warbey,dwarbeyju@pcworld.com
642,Marve Sickling,msicklingjv@tripod.com
165,Launce Canniffe,lcanniffejw@newsvine.com
832,Roland Beernaert,rbeernaertjx@dell.com
744,Bondy Tothe,btothejy@webmd.com
315,Robyn Greystock,rgreystockjz@prlog.org
420,Mathian McCallion,mmccallionk0@cisco.com
33,Mariellen Richford,mrichfordk1@i2i.jp
364,Mellicent Mulrooney,mmulrooneyk2@friendfeed.com
580,Rodger Palomba,rpalombak3@goo.gl
828,Karrie Tacker,ktackerk4@aol.com
661,Jeannette Tybalt,jtybaltk5@ebay.co.uk
872,Shantee Bailes,sbailesk6@purevolume.com
803,Nico Lyosik,nlyosikk7@ovh.net
750,Byrann MacAlister,bmacalisterk8@wikipedia.org
682,Elysee Clotworthy,eclotworthyk9@mozilla.org
623,Cloris Beckwith,cbeckwithka@sun.com
579,Bond Lorand,blorandkb@mapquest.com
36,Raimondo Vaines,rvaineskc@noaa.gov
852,Jerrilyn Merioth,jmeriothkd@unc.edu
455,Lura Nisard,lnisardke@miibeian.gov.cn
276,Janeva Werrett,jwerrettkf@sphinn.com
199,Dorella Wiltshire,dwiltshirekg@cdc.gov
950,Free Millett,fmillettkh@shareasale.com
682,Catrina Redferne,credferneki@slate.com
758,Oby Stovold,ostovoldkj@wiley.com
864,Cordy Cordelette,ccordelettekk@hostgator.com
876,Eugenie Sinyard,esinyardkl@japanpost.jp
394,Riva Hillaby,rhillabykm@icq.com
258,Chelsea Fayers,cfayerskn@google.com.hk
87,Orran Crawford,ocrawfordko@accuweather.com
311,Cletis Guilloud,cguilloudkp@tamu.edu
125,Caresa Ponnsett,cponnsettkq@va.gov
67,Cherin Maciunas,cmaciunaskr@sitemeter.com
790,Richmond Haslen,rhaslenks@kickstarter.com
506,Lindsay Larkkem,llarkkemkt@jiathis.com
761,Foster Lejeune,flejeuneku@dropbox.com
513,Arden Meaddowcroft,ameaddowcroftkv@ftc.gov
389,Curcio Danilyak,cdanilyakkw@blogs.com
596,Avery Jobes,ajobeskx@jalbum.net
242,Bartlett Grafton-Herbert,bgraftonherbertky@digg.com
646,Quill Seywood,qseywoodkz@dagondesign.com
318,Stacey Gill,sgilll0@nbcnews.com
853,Vin Corain,vcorainl1@behance.net
945,Madlen Bampton,mbamptonl2@elpais.com
509,Anitra Eskrigge,aeskriggel3@fastcompany.com
677,Graham Josland,gjoslandl4@tiny.cc
916,Nikolas Rabley,nrableyl5@instagram.com
256,Humbert Waliszek,hwaliszekl6@ca.gov
248,Marinna Sapwell,msapwelll7@amazon.co.uk
694,Jacintha Mitro,jmitrol8@tripod.com
555,Erny White,ewhitel9@pen.io
95,Betti Gribble,bgribblela@ustream.tv
964,Grange Polfer,gpolferlb@admin.ch
275,Jaymee Walczynski,jwalczynskilc@scribd.com
582,Glenn Wortman,gwortmanld@accuweather.com
803,Thaddeus Mowson,tmowsonle@dedecms.com
393,Guthry Munehay,gmunehaylf@amazon.com
311,Deloris Panons,dpanonslg@plala.or.jp
190,Nolan Pegg,npegglh@geocities.com
192,Allsun Pauling,apaulingli@posterous.com
847,Concordia Cicetti,ccicettilj@buzzfeed.com
156,Lars Le Brom,llelk@cnet.com
939,Olive Nudds,onuddsll@ebay.co.uk
510,Giffy Thomazet,gthomazetlm@blogs.com
213,Faulkner Kos,fkosln@wix.com
797,Beauregard Wesgate,bwesgatelo@unesco.org
275,Edin Mussared,emussaredlp@xrea.com
306,Karylin Alfwy,kalfwylq@cnn.com
929,Elfreda Fairlie,efairlielr@squidoo.com
814,Denys Ech,dechls@smugmug.com
245,Gerta Euler,geulerlt@com.com
250,Brendin Creser,bcreserlu@vkontakte.ru
678,Burch Burkwood,bburkwoodlv@rambler.ru
974,Crystal O'Loughane,coloughanelw@is.gd
231,Ignace Issit,iissitlx@umn.edu
383,Gert Blampied,gblampiedly@huffingtonpost.com
277,Woodie Giraths,wgirathslz@github.com
620,Neddie Jopling,njoplingm0@examiner.com
27,Rosalynd Knowller,rknowllerm1@ask.com
942,Janenna Hrinchishin,jhrinchishinm2@oakley.com
94,Marigold Milier,mmilierm3@ning.com
840,Micheal Mallatratt,mmallatrattm4@moonfruit.com
365,Barthel Blemings,bblemingsm5@sciencedirect.com
278,Orson Frisdick,ofrisdickm6@smugmug.com
972,Archy Dohr,adohrm7@freewebs.com
546,Alford Iacofo,aiacofom8@google.ru
833,Hewitt Greg,hgregm9@bandcamp.com
495,Lissi Sommer,lsommerma@china.com.cn
515,Glenden Dauncey,gdaunceymb@jugem.jp
185,Scotti Weir,sweirmc@ucoz.com
185,Emalee Shafe,eshafemd@china.com.cn
110,Florinda Robardley,frobardleyme@state.gov
578,Pippy McHarry,pmcharrymf@unesco.org
957,Archibold Tildesley,atildesleymg@canalblog.com
923,Gertrud Steed,gsteedmh@yale.edu
316,Harold Ayliff,hayliffmi@1688.com
648,Christine Becraft,cbecraftmj@last.fm
440,Noelyn Parradye,nparradyemk@patch.com
10,Glori Jeness,gjenessml@bluehost.com
660,Happy Lettson,hlettsonmm@forbes.com
282,Danny Kenyam,dkenyammn@vimeo.com
109,Chaddy Worsnop,cworsnopmo@ovh.net
786,Pierson Fritzer,pfritzermp@about.me
256,Valida Fabb,vfabbmq@arstechnica.com
923,Derwin Hurle,dhurlemr@engadget.com
394,Neville Artin,nartinms@goo.gl
646,Herculie Whiteside,hwhitesidemt@utexas.edu
276,Erma Pymm,epymmmu@a8.net
701,Cchaddie Hebble,chebblemv@vk.com
827,Abe Maynell,amaynellmw@uol.com.br
872,Dinah Lambertazzi,dlambertazzimx@addtoany.com
95,Peyter Abthorpe,pabthorpemy@mediafire.com
123,Jaquelyn Keady,jkeadymz@csmonitor.com
668,Celestine Peschke,cpeschken0@indiegogo.com
479,Katerine England,kenglandn1@cafepress.com
443,Sutherlan Woodthorpe,swoodthorpen2@biglobe.ne.jp
615,Pepillo Bazeley,pbazeleyn3@google.ca
842,Geoffry McCerery,gmccereryn4@about.me
56,Elianora Vertey,everteyn5@usnews.com
148,Guinna Kinchin,gkinchinn6@geocities.com
55,Nettie Coey,ncoeyn7@google.com.au
315,Kyrstin Ingerith,kingerithn8@umich.edu
548,Kristofor Woodroff,kwoodroffn9@ycombinator.com
955,Tomasina Armin,tarminna@alexa.com
544,Marcy Kleinpeltz,mkleinpeltznb@merriam-webster.com
700,Maximilien Deeny,mdeenync@nymag.com
153,Korie Sommerland,ksommerlandnd@purevolume.com
37,Garwin Siene,gsienene@freewebs.com
684,Faun Meininking,fmeininkingnf@canalblog.com
585,Tabbie Klaaassen,tklaaassenng@yahoo.co.jp
281,Karon Battany,kbattanynh@github.io
724,Dehlia Manners,dmannersni@quantcast.com
837,Victoria Duffit,vduffitnj@baidu.com
629,Elmo Daws,edawsnk@biblegateway.com
614,Cedric Hargroves,chargrovesnl@rakuten.co.jp
984,Lewes Churchyard,lchurchyardnm@wired.com
282,Jocko Wormleighton,jwormleightonnn@hhs.gov
947,Sosanna O'Heffernan,soheffernanno@exblog.jp
424,Gayla Bawdon,gbawdonnp@feedburner.com
833,Paulette Borton,pbortonnq@salon.com
379,Giuditta Breche,gbrechenr@devhub.com
526,Melamie Paridge,mparidgens@bravesites.com
78,Stirling Exrol,sexrolnt@scientificamerican.com
658,Tori Teodoro,tteodoronu@blogspot.com
929,Reilly Kneale,rknealenv@chicagotribune.com
792,Pierce Wakeling,pwakelingnw@behance.net
562,Skipton Fazzioli,sfazziolinx@twitter.com
812,Araldo Tallon,atallonny@cam.ac.uk
459,Maurits Ivanchin,mivanchinnz@wikipedia.org
540,Maren Rymer,mrymero0@unc.edu
460,Mersey Egdal,megdalo1@t-online.de
942,Tansy Mossop,tmossopo2@google.com.hk
872,Aggie Tuison,atuisono3@netvibes.com
159,Damara Mityukov,dmityukovo4@cyberchimps.com
641,Orv Windas,owindaso5@abc.net.au
33,Garfield Laurent,glaurento6@google.com.hk
910,Nicolea Tonner,ntonnero7@foxnews.com
418,Somerset Bartoletti,sbartolettio8@dot.gov
473,Babbette Elnor,belnoro9@trellian.com
807,Ron McIlhone,rmcilhoneoa@addtoany.com
366,Matthias Causier,mcausierob@odnoklassniki.ru
984,Susi Keniwell,skeniwelloc@gmpg.org
711,Fidelio Fitzsimons,ffitzsimonsod@discuz.net
843,Hersh Robbe,hrobbeoe@nsw.gov.au
123,Hestia Wallace,hwallaceof@tuttocitta.it
187,Quentin Peagram,qpeagramog@quantcast.com
348,Reiko Guitt,rguittoh@twitter.com
915,Ansley Swain,aswainoi@army.mil
987,Teddi Heintz,theintzoj@hhs.gov
127,Joyous Killner,jkillnerok@google.es
296,Bartholomeo Noyce,bnoyceol@census.gov
832,Haydon Bushell,hbushellom@alexa.com
38,Hubert Phinn,hphinnon@feedburner.com
325,Lona Androlli,landrollioo@accuweather.com
267,Kaylil Murtell,kmurtellop@ihg.com
513,Guthrie Guierre,gguierreoq@cornell.edu
976,Nicolette Claessens,nclaessensor@printfriendly.com
404,Ailene Pothbury,apothburyos@booking.com
872,Cassius Tanby,ctanbyot@abc.net.au
116,Bobbee Ivashkin,bivashkinou@businessweek.com
219,Thor Edgecumbe,tedgecumbeov@hexun.com
260,Felita Tuma,ftumaow@imgur.com
823,Shannon Conroy,sconroyox@shutterfly.com
440,Garrot Fishley,gfishleyoy@auda.org.au
251,Ursola Gasgarth,ugasgarthoz@addtoany.com
779,Nefen Battell,nbattellp0@4shared.com
210,Janeczka Buckles,jbucklesp1@opera.com
903,Marcello Steuart,msteuartp2@mashable.com
211,Debbi Brokenshaw,dbrokenshawp3@howstuffworks.com
237,Karl Cleaton,kcleatonp4@booking.com
205,Anni Starking,astarkingp5@geocities.com
14,Shermie Bockman,sbockmanp6@google.com.br
141,Munroe Muddicliffe,mmuddicliffep7@state.gov
416,Carver Oram,coramp8@smugmug.com
562,George Norgan,gnorganp9@ihg.com
749,Darla Piller,dpillerpa@dyndns.org
805,Isidoro Scrivinor,iscrivinorpb@mozilla.com
609,Purcell Kellart,pkellartpc@telegraph.co.uk
33,Raimund Stanyland,rstanylandpd@posterous.com
538,Mitchael Jeggo,mjeggope@blogs.com
779,Margaretha Toop,mtooppf@noaa.gov
108,Celka Maes,cmaespg@spotify.com
981,Solomon Hebblewaite,shebblewaiteph@kickstarter.com
212,Trenton Guitt,tguittpi@nps.gov
904,Joye Arnull,jarnullpj@amazon.de
209,Marlane Abelovitz,mabelovitzpk@google.nl
181,Gaylord Reinbach,greinbachpl@google.de
848,Hall Sturman,hsturmanpm@sogou.com
143,Ogdon Idle,oidlepn@issuu.com
565,Alaster Harback,aharbackpo@home.pl
881,Lacee Wishart,lwishartpp@plala.or.jp
93,Cora Gehrels,cgehrelspq@samsung.com
401,Vachel Simmonite,vsimmonitepr@ustream.tv
279,Waldon Pinchbeck,wpinchbeckps@theguardian.com
461,Maxim Blenkin,mblenkinpt@unc.edu
238,Gui Razoux,grazouxpu@ucsd.edu
776,Salomon Whaites,swhaitespv@ning.com
223,Kare Pickburn,kpickburnpw@psu.edu
557,Ariel D'Oyley,adoyleypx@slideshare.net
921,Stephana Hinzer,shinzerpy@csmonitor.com
977,Rubin Rait,rraitpz@newyorker.com
180,Gare Pepperd,gpepperdq0@feedburner.com
863,Sorcha Trinbey,strinbeyq1@discuz.net
201,Chiquita Trevaskis,ctrevaskisq2@geocities.com
738,Lukas Croy,lcroyq3@cmu.edu
397,Jacquie Cavell,jcavellq4@wp.com
739,Jere Daglish,jdaglishq5@devhub.com
521,Addison Birnie,abirnieq6@umich.edu
804,Brandy Rubee,brubeeq7@census.gov
532,Kirbee Ticic,kticicq8@instagram.com
814,Hilary Skill,hskillq9@virginia.edu
709,Bartholomeus Verbrugghen,bverbrugghenqa@sogou.com
832,Edsel Harmour,eharmourqb@census.gov
384,Rodney Conner,rconnerqc@google.it
163,Syman Calwell,scalwellqd@upenn.edu
926,Celestina Greening,cgreeningqe@cam.ac.uk
341,Gusty Frounks,gfrounksqf@themeforest.net
183,Erminie Golds,egoldsqg@symantec.com
414,Edin Gegg,egeggqh@abc.net.au
538,Bevvy Ferraresi,bferraresiqi@cam.ac.uk
302,Huntley Mettetal,hmettetalqj@multiply.com
494,Bryna Ondracek,bondracekqk@elegantthemes.com
336,Nicki Speirs,nspeirsql@facebook.com
462,Rockie Broadbent,rbroadbentqm@umn.edu
211,Clio Cisec,ccisecqn@google.co.jp
560,Grete Downe,gdowneqo@uol.com.br
952,Vito Stoffler,vstofflerqp@cnet.com
870,Kati Osban,kosbanqq@last.fm
781,Miner Thompson,mthompsonqr@delicious.com
478,Milty Broadfield,mbroadfieldqs@shareasale.com
413,Noel Grindell,ngrindellqt@stanford.edu
869,Averil Whipp,awhippqu@pbs.org
464,Elbertine Fern,efernqv@sohu.com
155,Merry Brunnen,mbrunnenqw@istockphoto.com
701,Earlie Trewinnard,etrewinnardqx@prnewswire.com
96,Mireielle Goldman,mgoldmanqy@a8.net
783,Livvyy Robillard,lrobillardqz@usa.gov
29,Mil Aidler,maidlerr0@icq.com
431,Fredra Bloggett,fbloggettr1@weibo.com
649,Rosetta Hachette,rhachetter2@symantec.com
825,Jone Kenington,jkeningtonr3@drupal.org
909,Mallissa Creagh,mcreaghr4@examiner.com
820,Katee Weinberg,kweinbergr5@yandex.ru
858,Verine Arnett,varnettr6@mlb.com
665,Field Harmond,fharmondr7@tmall.com
58,Cherri Northen,cnorthenr8@cnet.com
822,Pegeen Branch,pbranchr9@who.int
300,Gisele Locker,glockerra@jimdo.com
496,Tomas Crew,tcrewrb@upenn.edu
633,Brandice Darrigone,bdarrigonerc@nps.gov
610,Mike Catterill,mcatterillrd@yahoo.co.jp
57,Clerkclaude Georges,cgeorgesre@feedburner.com
569,Doroteya Cinderey,dcindereyrf@wordpress.org
366,Wenda Venour,wvenourrg@so-net.ne.jp
912,Gregoire Crumpe,gcrumperh@archive.org
895,Erna Skillanders,eskillandersri@theglobeandmail.com
885,Angelica Raynard,araynardrj@lulu.com
750,Belvia Markson,bmarksonrk@amazon.co.jp
321,Clemente Rossi,crossirl@elpais.com
471,Andree Audenis,aaudenisrm@mapquest.com
45,Raynard Alflatt,ralflattrn@wikipedia.org
691,Felipe Alabone,falabonero@de.vu
501,Trixie Ivimey,tivimeyrp@geocities.com
325,Deloris Sedge,dsedgerq@va.gov
880,Esma Fielding,efieldingrr@answers.com
