SupplierID,SupplierName,SupplierEmail
648,Theadora Megson,tmegson0@sfgate.com
514,Silvester Galbraith,sgalbraith1@wordpress.com
295,Adolf Paliser,apaliser2@salon.com
413,Scot Tolumello,stolumello3@nps.gov
575,Abigale Hayne,ahayne4@example.com
467,Theobald Wetter,twetter5@hhs.gov
808,Giacomo Simo,gsimo6@issuu.com
468,Brock Wharton,bwharton7@sciencedirect.com
32,Vicky Guilaem,vguilaem8@dailymotion.com
601,Jephthah Sellwood,jsellwood9@behance.net
357,Carina McCloughen,cmccloughena@reverbnation.com
994,Daisi Pudner,dpudnerb@blog.com
157,Sargent Tomaskunas,stomaskunasc@economist.com
369,Dickie Ferrillo,dferrillod@discuz.net
224,Haze Elsdon,helsdone@e-recht24.de
455,Ryon Townson,rtownsonf@wisc.edu
222,Doug Hartly,dhartlyg@loc.gov
735,Ricky MacClenan,rmacclenanh@msu.edu
596,Perle Skacel,pskaceli@skyrock.com
545,Bridgette Reder,brederj@infoseek.co.jp
224,Lorrie Hubble,lhubblek@usatoday.com
267,Aurelia Georgiades,ageorgiadesl@phoca.cz
362,Legra Richardes,lrichardesm@latimes.com
871,Edwina Mattock,emattockn@vinaora.com
92,Bridgette Ogbourne,bogbourneo@infoseek.co.jp
3,Esra Crannis,ecrannisp@xing.com
486,Malory Grasner,mgrasnerq@t-online.de
251,Daryl Temblett,dtemblettr@lycos.com
902,Allen Sandell,asandells@g.co
748,Ag Priestner,apriestnert@psu.edu
545,Ermina Bedin,ebedinu@blogger.com
419,Ingra Worsley,iworsleyv@omniture.com
998,Allyn Warfield,awarfieldw@dailymail.co.uk
180,Vallie Ife,vifex@usa.gov
799,Lanna Nevins,lnevinsy@surveymonkey.com
784,Meriel Skokoe,mskokoez@discovery.com
727,Nickolai Crook,ncrook10@newyorker.com
180,Dinnie Dunbobin,ddunbobin11@hao123.com
447,Elnore Agney,eagney12@cam.ac.uk
878,Zara Steddall,zsteddall13@ehow.com
495,Pegeen Lias,plias14@npr.org
847,Riley Dawks,rdawks15@usatoday.com
519,Forrester Dobbing,fdobbing16@mail.ru
45,Ronald Daveridge,rdaveridge17@state.gov
193,Tedmund Krysztowczyk,tkrysztowczyk18@wikipedia.org
61,Sioux Haack,shaack19@time.com
409,Osbourn Umpleby,oumpleby1a@marriott.com
888,Marne Lortz,mlortz1b@prweb.com
777,Caitlin Shipley,cshipley1c@forbes.com
126,Marina Twinborough,mtwinborough1d@biglobe.ne.jp
708,Patrick Duchesne,pduchesne1e@xing.com
845,Gabriele Charge,gcharge1f@squarespace.com
361,Marybelle Osburn,mosburn1g@joomla.org
870,Elwira Bosden,ebosden1h@google.fr
187,Neda Feldhuhn,nfeldhuhn1i@fotki.com
816,Jodi Danit,jdanit1j@theglobeandmail.com
102,Durand Philpault,dphilpault1k@senate.gov
183,Emmy Dripp,edripp1l@gravatar.com
893,Derward Whiteson,dwhiteson1m@skyrock.com
882,Elke Ravenhills,eravenhills1n@amazonaws.com
105,Hillary Morrish,hmorrish1o@bizjournals.com
667,Daisey Cullip,dcullip1p@usa.gov
818,Land Fricker,lfricker1q@so-net.ne.jp
487,Gunilla Coite,gcoite1r@si.edu
684,Griswold Haggerston,ghaggerston1s@netvibes.com
488,Emerson Halley,ehalley1t@omniture.com
564,Eunice Breeds,ebreeds1u@europa.eu
369,Jeane Enga,jenga1v@washington.edu
823,Tabatha Dalglish,tdalglish1w@amazonaws.com
158,Otes Faivre,ofaivre1x@acquirethisname.com
219,Bernete Matignon,bmatignon1y@trellian.com
798,Jamima Bouttell,jbouttell1z@bing.com
363,Cathyleen Grieger,cgrieger20@nasa.gov
519,Gusella Madrell,gmadrell21@dyndns.org
923,Cynthea Woodham,cwoodham22@mlb.com
378,Gaile Pepler,gpepler23@discovery.com
90,Kiele Bohills,kbohills24@usgs.gov
337,Haskell Marriner,hmarriner25@marriott.com
868,Olga Belamy,obelamy26@utexas.edu
784,Millicent Lofts,mlofts27@canalblog.com
947,Sheridan Labden,slabden28@homestead.com
680,Emlynn Das,edas29@devhub.com
431,Dorolisa Barron,dbarron2a@ihg.com
78,Desiri Slimings,dslimings2b@1und1.de
515,Xymenes Thompson,xthompson2c@reference.com
980,Avrit Grim,agrim2d@artisteer.com
835,Alina Prestie,aprestie2e@reddit.com
902,Mureil Lavers,mlavers2f@vistaprint.com
587,Reggis Poolman,rpoolman2g@narod.ru
886,Harlin Ronisch,hronisch2h@google.fr
475,Garland Tumbridge,gtumbridge2i@utexas.edu
692,Skippie Tersay,stersay2j@dagondesign.com
451,Helli Tincey,htincey2k@ed.gov
613,Thoma Kevis,tkevis2l@cyberchimps.com
224,Otes Noye,onoye2m@elpais.com
1000,Cal Gozard,cgozard2n@amazon.com
533,Rollin Scanterbury,rscanterbury2o@gnu.org
791,Geoffry Barber,gbarber2p@unesco.org
846,Demetra Skirlin,dskirlin2q@yahoo.co.jp
162,Sandro Sailes,ssailes2r@prweb.com
723,Normie Stuehmeyer,nstuehmeyer2s@state.gov
254,Waring Boatwright,wboatwright2t@t-online.de
937,Ray Fechnie,rfechnie2u@uol.com.br
318,Nixie Gue,ngue2v@businessinsider.com
153,Berta McCerery,bmccerery2w@fda.gov
53,Hinze Trathan,htrathan2x@amazon.co.uk
708,Kristyn Filippucci,kfilippucci2y@dailymail.co.uk
34,Isabelle M'Quhan,imquhan2z@is.gd
996,Eudora Forsard,eforsard30@unicef.org
607,Melonie Smelley,msmelley31@aboutads.info
771,Thorstein Guerreau,tguerreau32@mediafire.com
281,Alic Misken,amisken33@indiegogo.com
891,Mommy Rushbrook,mrushbrook34@netvibes.com
95,Ced Gerold,cgerold35@dot.gov
729,Estele Honsch,ehonsch36@e-recht24.de
335,Quinn Kunat,qkunat37@elegantthemes.com
658,Ellissa Iannetti,eiannetti38@github.io
120,Frederica Stoner,fstoner39@barnesandnoble.com
435,Teriann Moscone,tmoscone3a@apple.com
910,Berrie Dimmer,bdimmer3b@auda.org.au
748,Anna-diane Sharpless,asharpless3c@google.com
450,Yancy McCritchie,ymccritchie3d@icq.com
689,Davine Wofenden,dwofenden3e@ehow.com
526,Derk Bruin,dbruin3f@ucoz.ru
255,Giffie Whilder,gwhilder3g@sogou.com
435,Tripp Waistall,twaistall3h@imgur.com
443,Kara-lynn Wiltsher,kwiltsher3i@jalbum.net
828,Harper Babbe,hbabbe3j@amazon.co.uk
576,Peta Khrishtafovich,pkhrishtafovich3k@tamu.edu
27,Giana Rowlings,growlings3l@reuters.com
375,Michal Curgenven,mcurgenven3m@yahoo.co.jp
757,Audi Lidstone,alidstone3n@artisteer.com
401,Meridel MacGorrie,mmacgorrie3o@github.io
290,Tana Cicerone,tcicerone3p@icq.com
742,Aloysius Lean,alean3q@cyberchimps.com
953,Randell Labitt,rlabitt3r@techcrunch.com
466,Wendi Vales,wvales3s@typepad.com
697,Cal Chillistone,cchillistone3t@wikispaces.com
202,Traci Dyte,tdyte3u@last.fm
911,Bert Siley,bsiley3v@indiatimes.com
49,Elle Perrie,eperrie3w@123-reg.co.uk
108,Ashlen Hendriksen,ahendriksen3x@cnn.com
923,Kele Ellicombe,kellicombe3y@mapquest.com
454,Faina Brumfitt,fbrumfitt3z@devhub.com
106,John Pettett,jpettett40@slideshare.net
4,Kaela Paternoster,kpaternoster41@devhub.com
686,Jeanie Bereford,jbereford42@dedecms.com
564,Aloysius Bifield,abifield43@friendfeed.com
357,Wyatan Kettlestringe,wkettlestringe44@arstechnica.com
367,Angie Seyers,aseyers45@whitehouse.gov
249,Morgen Kendrick,mkendrick46@tamu.edu
435,Quintus Tynan,qtynan47@army.mil
18,Evelyn Connachan,econnachan48@google.ru
44,Heidie Daughton,hdaughton49@mozilla.org
244,Maren Gladdifh,mgladdifh4a@businessweek.com
633,Vale Barrat,vbarrat4b@dailymotion.com
302,Zonnya McClelland,zmcclelland4c@diigo.com
256,Margaretta Langdon,mlangdon4d@amazon.com
624,Rebekah Landsberg,rlandsberg4e@technorati.com
281,Vyky Agass,vagass4f@pen.io
712,Adelheid MacDonnell,amacdonnell4g@4shared.com
291,Dasya Roxbee,droxbee4h@google.com.br
13,Ollie Kleinpeltz,okleinpeltz4i@biblegateway.com
805,Hedwiga Mawby,hmawby4j@php.net
951,Morna McTavish,mmctavish4k@a8.net
688,Xever Ruste,xruste4l@blog.com
310,Ursulina Edmeades,uedmeades4m@sciencedaily.com
547,Carmen Rive,crive4n@amazon.co.uk
958,Odelle Grigson,ogrigson4o@skype.com
240,Asa Capozzi,acapozzi4p@samsung.com
169,Cullin Duckers,cduckers4q@tmall.com
834,Anna-maria Turgoose,aturgoose4r@shareasale.com
158,Aubrie Polson,apolson4s@hubpages.com
391,Cinderella Victoria,cvictoria4t@toplist.cz
840,Bart Umpleby,bumpleby4u@wired.com
175,Dennie Chesnay,dchesnay4v@smh.com.au
410,Mellisa Drewry,mdrewry4w@harvard.edu
641,Bobette Rozenzweig,brozenzweig4x@accuweather.com
777,Jules Fine,jfine4y@zimbio.com
845,Gratiana Cota,gcota4z@shop-pro.jp
494,Bob Hodge,bhodge50@cyberchimps.com
160,Ag Marven,amarven51@pcworld.com
217,Bartolomeo Hrynczyk,bhrynczyk52@google.co.uk
250,Killie Donkersley,kdonkersley53@time.com
798,Amabelle Paladini,apaladini54@bing.com
209,Pate Garken,pgarken55@blogs.com
627,Tiler McCallum,tmccallum56@mediafire.com
449,Ester Lumber,elumber57@booking.com
793,Erick Jablonski,ejablonski58@abc.net.au
401,Salvidor Bassill,sbassill59@mysql.com
413,Florence McQuilkin,fmcquilkin5a@technorati.com
542,Killie Hofer,khofer5b@tripadvisor.com
109,Jennette Dulton,jdulton5c@uol.com.br
302,Ina Antonin,iantonin5d@flavors.me
278,Jaclin Goadbie,jgoadbie5e@diigo.com
724,Eugenie Eginton,eeginton5f@washingtonpost.com
176,Valaree Clapp,vclapp5g@fda.gov
183,Olenka Whatmough,owhatmough5h@wikimedia.org
808,Reeta Pinwell,rpinwell5i@businesswire.com
996,Regine Godfree,rgodfree5j@noaa.gov
189,Blinni Downham,bdownham5k@umn.edu
649,Riannon Lambal,rlambal5l@godaddy.com
511,Merell Tregenza,mtregenza5m@imdb.com
761,Minetta Bartlomieczak,mbartlomieczak5n@pcworld.com
637,Anni Stuart,astuart5o@over-blog.com
144,May MacCardle,mmaccardle5p@mediafire.com
762,Jaime Khrishtafovich,jkhrishtafovich5q@time.com
293,Cornell Mahy,cmahy5r@cocolog-nifty.com
785,Jack Fenning,jfenning5s@gizmodo.com
131,Martguerita MacKniely,mmackniely5t@edublogs.org
872,Emmy Letchford,eletchford5u@wikipedia.org
18,Carry Molfino,cmolfino5v@paginegialle.it
53,Brook Latchmore,blatchmore5w@cdbaby.com
279,Bryant Connop,bconnop5x@phpbb.com
261,Tommy Brandolini,tbrandolini5y@technorati.com
256,Georgeanna Huggons,ghuggons5z@webs.com
371,Dianemarie Chedgey,dchedgey60@altervista.org
274,Cathi Gagen,cgagen61@ifeng.com
602,Kaela Mateos,kmateos62@goo.ne.jp
699,Anderea Emmatt,aemmatt63@merriam-webster.com
356,Baron Dorin,bdorin64@ox.ac.uk
390,Davey Artz,dartz65@netlog.com
301,Curt Barff,cbarff66@independent.co.uk
341,Dulcy Avrahamoff,davrahamoff67@washington.edu
458,Wren Doberer,wdoberer68@so-net.ne.jp
259,Jourdain Waddup,jwaddup69@ebay.com
916,Garth Clunie,gclunie6a@diigo.com
363,Callie Gwynne,cgwynne6b@nhs.uk
595,Hetti Jorg,hjorg6c@ucla.edu
143,Giorgi Jakubowski,gjakubowski6d@umich.edu
884,Coralyn Gudger,cgudger6e@hugedomains.com
100,Gerri Otham,gotham6f@live.com
153,Estel Tolomio,etolomio6g@guardian.co.uk
417,Car McCrackem,cmccrackem6h@irs.gov
949,Aridatha Elliott,aelliott6i@eventbrite.com
560,Lutero Wilkie,lwilkie6j@whitehouse.gov
56,Webster Tremouille,wtremouille6k@parallels.com
299,Erinn Dodds,edodds6l@deliciousdays.com
256,Terri-jo Frear,tfrear6m@dailymotion.com
418,Kordula Farrey,kfarrey6n@craigslist.org
382,Shaun Wride,swride6o@slashdot.org
372,Meredithe Sergean,msergean6p@shinystat.com
897,Hamid Larcombe,hlarcombe6q@vistaprint.com
239,Tory Carter,tcarter6r@yale.edu
778,Prudi Hexam,phexam6s@about.me
730,Odele Penhalurick,openhalurick6t@pagesperso-orange.fr
383,Chandler Eatherton,ceatherton6u@nps.gov
499,Karrah Neljes,kneljes6v@sourceforge.net
994,Harlan Riglar,hriglar6w@moonfruit.com
323,Weston Dow,wdow6x@cam.ac.uk
668,Kora Motto,kmotto6y@angelfire.com
192,Claudianus Killingback,ckillingback6z@go.com
625,Shoshanna Whitesel,swhitesel70@mail.ru
275,Erv Evill,eevill71@biblegateway.com
913,Carilyn Davis,cdavis72@china.com.cn
707,Selestina Fairbeard,sfairbeard73@ehow.com
154,Uta Dyzart,udyzart74@timesonline.co.uk
493,Donni Snowling,dsnowling75@t.co
234,Olivie Harsnep,oharsnep76@amazon.de
685,Francene Kidstone,fkidstone77@telegraph.co.uk
773,Byron Sparham,bsparham78@addthis.com
173,Callie Younger,cyounger79@wired.com
129,Lynn Senett,lsenett7a@digg.com
206,Enrico Szepe,eszepe7b@arizona.edu
91,Ralf MacKimm,rmackimm7c@hexun.com
257,Ivette St. Clair,ist7d@newyorker.com
751,Hedwig Wilcox,hwilcox7e@harvard.edu
463,Deb Burgess,dburgess7f@unblog.fr
187,Lucinda Crate,lcrate7g@altervista.org
88,Howey Sircomb,hsircomb7h@java.com
97,Randell Laetham,rlaetham7i@t.co
888,Corbin Tremathack,ctremathack7j@creativecommons.org
945,Yulma Bartalucci,ybartalucci7k@reference.com
197,Kesley Upstone,kupstone7l@qq.com
919,Revkah Ogborn,rogborn7m@de.vu
625,Donetta Lemerle,dlemerle7n@ask.com
845,Rosie Hibling,rhibling7o@tripod.com
604,Wendell Timcke,wtimcke7p@deliciousdays.com
288,Vinnie Eatttok,veatttok7q@nasa.gov
693,Guglielma Zoren,gzoren7r@wired.com
315,Estele Benediktovich,ebenediktovich7s@ca.gov
130,Ofilia Jeenes,ojeenes7t@bbb.org
803,Tybalt Elward,telward7u@home.pl
903,Herc Cabotto,hcabotto7v@ihg.com
441,Riva Dunstall,rdunstall7w@mozilla.com
440,Carter Kevern,ckevern7x@globo.com
881,Keelia Megson,kmegson7y@ucoz.com
966,Chelsy Crouse,ccrouse7z@g.co
376,Guglielma Cossington,gcossington80@eventbrite.com
938,Hali Dows,hdows81@linkedin.com
41,Cristian Abramowsky,cabramowsky82@quantcast.com
344,Theodoric Vigrass,tvigrass83@tuttocitta.it
138,Jacinta Rackstraw,jrackstraw84@si.edu
566,Man Quan,mquan85@mashable.com
92,Idell Gorsse,igorsse86@elegantthemes.com
681,Karel Nisen,knisen87@instagram.com
896,Lorettalorna Sofe,lsofe88@blog.com
943,Ettore Brogioni,ebrogioni89@smugmug.com
200,Brigida Senchenko,bsenchenko8a@ovh.net
632,Jaine Oldman,joldman8b@yelp.com
300,Dell Heinemann,dheinemann8c@about.me
785,Wynnie Sidebotton,wsidebotton8d@cargocollective.com
332,Warden Tilsley,wtilsley8e@last.fm
191,Dorry Mabbs,dmabbs8f@cbsnews.com
848,Jerrie Ceillier,jceillier8g@merriam-webster.com
659,Tina Manclark,tmanclark8h@hexun.com
559,Renae Scone,rscone8i@nymag.com
90,Hillyer Benning,hbenning8j@cpanel.net
585,Wat Wrigley,wwrigley8k@google.ru
833,Mireielle Reven,mreven8l@bravesites.com
206,Brade Sutheran,bsutheran8m@wired.com
969,Willa Tutton,wtutton8n@utexas.edu
751,Moore Ternault,mternault8o@github.com
81,Deeann Cino,dcino8p@ovh.net
261,Karia Delf,kdelf8q@shareasale.com
689,Renelle Huster,rhuster8r@behance.net
789,Barbra Abrahamian,babrahamian8s@dot.gov
191,Annadiana Dumingos,adumingos8t@businessweek.com
32,Barn Spendlove,bspendlove8u@tamu.edu
756,Esma Gyorgy,egyorgy8v@howstuffworks.com
747,Cherye Boddis,cboddis8w@mit.edu
517,Tarrance Chadburn,tchadburn8x@bing.com
859,Vernor Sweetland,vsweetland8y@intel.com
400,Etan Rushton,erushton8z@umn.edu
405,Sarine Derrett,sderrett90@trellian.com
82,Alasteir Caine,acaine91@g.co
67,Jemmy Mildmott,jmildmott92@illinois.edu
801,Cariotta Birch,cbirch93@amazon.com
196,Olag Thurber,othurber94@google.cn
884,Hedi Teece,hteece95@walmart.com
472,Bil Cary,bcary96@samsung.com
65,Dall Faughnan,dfaughnan97@pinterest.com
854,Svend Graves,sgraves98@newsvine.com
873,Dasi Bowen,dbowen99@cyberchimps.com
866,Craig Lampard,clampard9a@cbslocal.com
946,Marie Olver,molver9b@i2i.jp
809,Lynett Purcell,lpurcell9c@google.it
660,Diego Davie,ddavie9d@altervista.org
181,Kirsti Menhenitt,kmenhenitt9e@dmoz.org
216,Tori Blackly,tblackly9f@scientificamerican.com
378,Hailey Jehan,hjehan9g@noaa.gov
844,Shirlee Mumbeson,smumbeson9h@ed.gov
611,Borg Deards,bdeards9i@wisc.edu
506,Sabine Spiers,sspiers9j@goo.ne.jp
427,Yelena Danzey,ydanzey9k@elegantthemes.com
597,Vernor Greenley,vgreenley9l@dell.com
424,Andra McIlvaney,amcilvaney9m@census.gov
347,Tirrell Lindores,tlindores9n@oracle.com
384,Pat Lampens,plampens9o@va.gov
484,Jone Chippin,jchippin9p@cisco.com
203,Johann Slowey,jslowey9q@bloglovin.com
899,Irwin Kermath,ikermath9r@virginia.edu
933,Allyn Spender,aspender9s@tuttocitta.it
345,Shaun Vedenyapin,svedenyapin9t@elpais.com
368,Marabel Jentle,mjentle9u@elegantthemes.com
432,Josefina Shadfourth,jshadfourth9v@123-reg.co.uk
653,Merola Weerdenburg,mweerdenburg9w@columbia.edu
628,Woodie Eckery,weckery9x@springer.com
60,Liv Orth,lorth9y@last.fm
20,Marianne Voss,mvoss9z@economist.com
694,Biddy Durbann,bdurbanna0@nhs.uk
877,Chalmers Kornel,ckornela1@flavors.me
51,Georgena Vause,gvausea2@google.cn
657,Tabbitha Busse,tbussea3@ning.com
8,Anstice Gasperi,agasperia4@over-blog.com
13,Joshia Clavering,jclaveringa5@ox.ac.uk
101,Sal Chirm,schirma6@wordpress.org
714,Smitty Sphinxe,ssphinxea7@sourceforge.net
360,Martina Rooper,mroopera8@bluehost.com
846,Charisse Horick,choricka9@example.com
621,Marje Scurry,mscurryaa@nifty.com
309,Cecelia Benettolo,cbenettoloab@people.com.cn
201,Gerta Bray,gbrayac@about.me
314,Charil Crease,ccreasead@forbes.com
438,Ada Pridgeon,apridgeonae@netscape.com
316,Rycca Langsdon,rlangsdonaf@merriam-webster.com
381,Barbie L'Archer,blarcherag@jugem.jp
956,Rriocard Gehringer,rgehringerah@tuttocitta.it
535,Rodd Egentan,regentanai@cdc.gov
805,Stacia Siney,ssineyaj@latimes.com
368,Tate Grabbam,tgrabbamak@mayoclinic.com
995,Heindrick Jacqueminet,hjacqueminetal@tripadvisor.com
87,Emmanuel Halewood,ehalewoodam@lycos.com
954,Abbe Whye,awhyean@gravatar.com
654,Johnath Rhoddie,jrhoddieao@cafepress.com
747,Celestia Skews,cskewsap@cafepress.com
169,Hyacintha Morrilly,hmorrillyaq@soup.io
326,Dredi Jelphs,djelphsar@uiuc.edu
135,Cordey Ruben,crubenas@addthis.com
772,Goober Ayerst,gayerstat@taobao.com
391,Celesta Lummus,clummusau@merriam-webster.com
760,Tedman Burcher,tburcherav@dagondesign.com
589,Derry Ioan,dioanaw@pcworld.com
576,Simeon MacGille,smacgilleax@netscape.com
642,Lacey O'Sculley,losculleyay@issuu.com
15,Lindy Pegden,lpegdenaz@icq.com
75,Elmer Soames,esoamesb0@naver.com
460,Flora Phalip,fphalipb1@disqus.com
601,Gracia Lechelle,glechelleb2@usa.gov
160,Milton Birtwhistle,mbirtwhistleb3@ebay.co.uk
223,Giacinta Mattis,gmattisb4@goo.gl
678,Rowney Hayball,rhayballb5@ocn.ne.jp
543,Ramsay Wippermann,rwippermannb6@myspace.com
617,Collie Matzeitis,cmatzeitisb7@epa.gov
198,Hervey Chrippes,hchrippesb8@go.com
1000,Emeline Charnock,echarnockb9@lulu.com
302,Martelle Lettley,mlettleyba@epa.gov
339,Roxanna Wessel,rwesselbb@amazonaws.com
43,Drusilla Cariss,dcarissbc@harvard.edu
90,Leese Port,lportbd@linkedin.com
873,Giusto Rapson,grapsonbe@mediafire.com
398,Rochester Eastabrook,reastabrookbf@sogou.com
47,Siouxie Antonetti,santonettibg@tmall.com
427,Sinclare Enticott,senticottbh@ning.com
128,Josefina Cluitt,jcluittbi@freewebs.com
618,Yovonnda Phuprate,yphupratebj@com.com
264,Jessica Deans,jdeansbk@people.com.cn
797,Winifield Ipgrave,wipgravebl@sciencedirect.com
368,Raymund Moff,rmoffbm@sphinn.com
889,Marietta Irce,mircebn@gov.uk
858,Adriena Logie,alogiebo@de.vu
755,Bendite Regina,breginabp@samsung.com
307,Tonya Wiggans,twiggansbq@pbs.org
184,Iggie Vase,ivasebr@cpanel.net
682,Fifi Dalgarno,fdalgarnobs@alexa.com
29,Carlyle deKnevet,cdeknevetbt@seattletimes.com
987,Dewie York,dyorkbu@addthis.com
344,Ruby Sarath,rsarathbv@wufoo.com
484,Jasun Sabate,jsabatebw@edublogs.org
135,Vern Gresser,vgresserbx@blogger.com
681,Thornton Sponder,tsponderby@msu.edu
979,Ardis Batts,abattsbz@goodreads.com
537,Camella Sheaf,csheafc0@yahoo.com
608,Eolanda Cure,ecurec1@skype.com
72,Roosevelt Prosh,rproshc2@github.com
899,Mirelle Darlington,mdarlingtonc3@twitter.com
222,Adan Jeffry,ajeffryc4@google.de
384,Packston Amar,pamarc5@tiny.cc
946,Harriet Van Der Weedenburg,hvanc6@last.fm
257,Jami Folkes,jfolkesc7@google.fr
480,Nikki Easbie,neasbiec8@edublogs.org
582,Sherm Kettle,skettlec9@bloglovin.com
534,Andie Gontier,agontierca@delicious.com
92,Leshia Shafto,lshaftocb@businesswire.com
538,Ernesto Kemble,ekemblecc@elegantthemes.com
497,Crystie Seager,cseagercd@de.vu
599,Ransell Escritt,rescrittce@wisc.edu
640,Olwen Wyldes,owyldescf@google.co.uk
312,Brody Whiterod,bwhiterodcg@ifeng.com
14,Harmony Shreeves,hshreevesch@weibo.com
627,Sheffie Toma,stomaci@paginegialle.it
103,Tam Wollen,twollencj@fema.gov
238,Bartolomeo Ackeroyd,backeroydck@reverbnation.com
778,Jeniffer Pymm,jpymmcl@nature.com
443,Duane Croxford,dcroxfordcm@lulu.com
115,Fletch Kluss,fklusscn@hugedomains.com
388,Arnold Laurenson,alaurensonco@spiegel.de
704,Katuscha de Bullion,kdecp@csmonitor.com
661,Ninnetta Hackforth,nhackforthcq@addthis.com
590,Marika Cawse,mcawsecr@webs.com
414,Tilda Andreacci,tandreaccics@miitbeian.gov.cn
651,Leeann O'Lennane,lolennanect@utexas.edu
590,Leeanne Titlow,ltitlowcu@samsung.com
338,Oona Grimbaldeston,ogrimbaldestoncv@chronoengine.com
984,Julietta Stebbin,jstebbincw@imdb.com
60,Dorelia Esterbrook,desterbrookcx@facebook.com
109,Dorene Greenalf,dgreenalfcy@free.fr
728,Mamie Brumwell,mbrumwellcz@deliciousdays.com
782,Camila Latchford,clatchfordd0@miitbeian.gov.cn
710,Perl Janacek,pjanacekd1@wisc.edu
395,Rafaelita Fisby,rfisbyd2@bloglines.com
694,Ed Drakes,edrakesd3@psu.edu
62,Dominik Lillgard,dlillgardd4@intel.com
848,Tremaine Brosetti,tbrosettid5@pinterest.com
356,Ilysa Marini,imarinid6@odnoklassniki.ru
401,Erma Breen,ebreend7@geocities.jp
830,Barton Brise,bbrised8@ycombinator.com
185,Eddie Wandrack,ewandrackd9@bizjournals.com
415,Winne Keelan,wkeelanda@bandcamp.com
190,Konstanze McDuall,kmcdualldb@cafepress.com
377,Darcee Scutchin,dscutchindc@hexun.com
89,Twila Richie,trichiedd@tiny.cc
678,Raven Andriulis,randriulisde@about.me
629,Phillipp Bolf,pbolfdf@deliciousdays.com
21,Jessy Twidle,jtwidledg@hibu.com
161,Davon Beadles,dbeadlesdh@ocn.ne.jp
280,Codee Immins,cimminsdi@last.fm
709,Celisse Hillitt,chillittdj@dagondesign.com
863,Lettie McColley,lmccolleydk@eepurl.com
866,Benedicta Armand,barmanddl@unc.edu
553,Pall Haslehurst,phaslehurstdm@issuu.com
683,Oliviero Maddaford,omaddaforddn@paginegialle.it
425,Shaine Landy,slandydo@amazon.co.jp
703,Simeon Boecke,sboeckedp@domainmarket.com
179,Melody Hedin,mhedindq@army.mil
579,Kurtis Mark,kmarkdr@dedecms.com
647,Allister Showalter,ashowalterds@angelfire.com
416,Laureen Eat,leatdt@businessinsider.com
171,Evey Dukelow,edukelowdu@nymag.com
294,Sander Siggery,ssiggerydv@wufoo.com
72,Rosabella Rubenov,rrubenovdw@patch.com
750,Tiffy Jeanin,tjeanindx@digg.com
392,Mildred Kierans,mkieransdy@bravesites.com
799,Melisande Hendrich,mhendrichdz@reddit.com
281,Marcos Shields,mshieldse0@archive.org
993,Polly Eland,pelande1@who.int
880,Alina Pickavant,apickavante2@cam.ac.uk
350,Abey Arbuckel,aarbuckele3@apple.com
713,Thelma Ewestace,tewestacee4@ovh.net
929,Carlen Fyldes,cfyldese5@netlog.com
800,Frederique Shurman,fshurmane6@intel.com
965,Una Anning,uanninge7@tiny.cc
319,Breena Blomfield,bblomfielde8@i2i.jp
27,Mitchel Bundey,mbundeye9@cdbaby.com
435,Siward Reddin,sreddinea@ca.gov
737,Ringo Anneslie,ranneslieeb@nytimes.com
378,Micheal Dyson,mdysonec@yale.edu
761,Lolly Tithecott,ltithecotted@csmonitor.com
397,Bernie McNelly,bmcnellyee@de.vu
705,Eadmund Maskew,emaskewef@shinystat.com
225,Rasla Raittie,rraittieeg@gmpg.org
333,Sadie Fowler,sfowlereh@multiply.com
753,Lionello Haston,lhastonei@pen.io
696,Stanwood Szymon,sszymonej@xing.com
572,Tanner Gresley,tgresleyek@omniture.com
246,Cybill Joder,cjoderel@mediafire.com
768,Lauree Blazi,lblaziem@cdc.gov
138,Rochelle Halversen,rhalversenen@behance.net
233,Chrissy Ouldred,couldredeo@vinaora.com
503,Boris Thicking,bthickingep@webmd.com
796,Catherina Flott,cflotteq@hubpages.com
758,Chen Duncklee,cdunckleeer@telegraph.co.uk
297,Addy Tremmel,atremmeles@washington.edu
380,Catina Ballam,cballamet@icio.us
446,Tiler Seers,tseerseu@php.net
533,Aksel Laidler,alaidlerev@zimbio.com
420,Inger Rizzillo,irizzilloew@arizona.edu
535,Valentino Grog,vgrogex@freewebs.com
679,Keefe Yeaman,kyeamaney@time.com
729,Maurise Idell,midellez@list-manage.com
659,Alyce Dockwra,adockwraf0@discuz.net
269,Nev Shah,nshahf1@cbsnews.com
447,Garner Shackel,gshackelf2@unc.edu
460,Benni Mc Andrew,bmcf3@marketwatch.com
339,Isador Tumpane,itumpanef4@ocn.ne.jp
597,Collie Petric,cpetricf5@zimbio.com
355,Terra Milkins,tmilkinsf6@rakuten.co.jp
891,Talyah Semens,tsemensf7@hugedomains.com
39,Lynett Valentin,lvalentinf8@hubpages.com
840,Woodrow Spacie,wspacief9@imgur.com
901,Briny Wandless,bwandlessfa@vimeo.com
196,Andeee Howgate,ahowgatefb@loc.gov
133,Quintina Poyzer,qpoyzerfc@foxnews.com
768,Josee Bolles,jbollesfd@mozilla.com
113,Juline Brumbie,jbrumbiefe@1und1.de
290,Edwina Ungerer,eungererff@google.co.jp
251,Son O'Dwyer,sodwyerfg@ovh.net
290,Odey Livezey,olivezeyfh@cisco.com
185,Vincenz Erwin,verwinfi@virginia.edu
361,Vikki Immer,vimmerfj@jalbum.net
731,Alejandro Scouler,ascoulerfk@google.fr
642,Lazarus MacDermott,lmacdermottfl@cdbaby.com
489,Kenneth Alwood,kalwoodfm@vkontakte.ru
133,Dorry Courcey,dcourceyfn@sfgate.com
69,Freemon Coraini,fcorainifo@berkeley.edu
66,Evangelina Janu,ejanufp@opensource.org
691,Reese Boyne,rboynefq@nature.com
64,Lane McTeer,lmcteerfr@wired.com
674,Kevina Cadamy,kcadamyfs@fotki.com
604,Mae Blasli,mblaslift@hud.gov
376,Ginni Mcsarry,gmcsarryfu@globo.com
162,Miner Lessmare,mlessmarefv@google.co.uk
648,Edgar Gruczka,egruczkafw@tripod.com
420,Ettie Fountian,efountianfx@amazon.de
773,Yehudi Plak,yplakfy@goo.gl
222,Gannon Marshman,gmarshmanfz@51.la
884,Lee Richardon,lrichardong0@squidoo.com
92,Port MacCrann,pmaccranng1@devhub.com
746,Tasha Maylott,tmaylottg2@utexas.edu
790,Serge Espinas,sespinasg3@globo.com
950,Iggy Root,irootg4@ycombinator.com
900,Wenda Oven,woveng5@google.pl
427,Emlen Blaschek,eblaschekg6@flavors.me
156,Garek Spurritt,gspurrittg7@usatoday.com
376,Giacobo Rechert,grechertg8@vk.com
212,Olwen Slocom,oslocomg9@ehow.com
802,Guglielma Smardon,gsmardonga@globo.com
240,Neron Nowaczyk,nnowaczykgb@sohu.com
410,Helaina MacArthur,hmacarthurgc@github.com
160,Trudi Djakovic,tdjakovicgd@ucoz.ru
509,Gothart Joscelyn,gjoscelynge@deliciousdays.com
78,Ashlie Maton,amatongf@1und1.de
18,Tremaine Garretts,tgarrettsgg@springer.com
699,Anastasia MacKeague,amackeaguegh@upenn.edu
169,Roselia Lansdowne,rlansdownegi@baidu.com
541,Tann Agott,tagottgj@reference.com
208,Konstantin Lindberg,klindberggk@ask.com
674,Erhard Mougel,emougelgl@networksolutions.com
918,Verla Adami,vadamigm@hc360.com
12,Milena Runge,mrungegn@yolasite.com
567,Dory Wrist,dwristgo@samsung.com
572,Mamie Fateley,mfateleygp@dailymotion.com
810,Eugenie Kunath,ekunathgq@yelp.com
580,Pattin Rangle,pranglegr@examiner.com
351,Briant Dyball,bdyballgs@globo.com
857,Booth Erni,bernigt@netscape.com
41,Katinka Dilliston,kdillistongu@amazonaws.com
86,Willyt Melluish,wmelluishgv@dmoz.org
468,Agatha Couroy,acouroygw@purevolume.com
821,Mariquilla Ainsbury,mainsburygx@amazon.co.uk
362,Wyndham Enrigo,wenrigogy@nsw.gov.au
420,Ines O'Corren,iocorrengz@umn.edu
260,Athene Tunnow,atunnowh0@yolasite.com
17,Gianni Charrett,gcharretth1@cnet.com
772,Brod Farraway,bfarrawayh2@dedecms.com
442,Isadora Cottey,icotteyh3@bbc.co.uk
552,Penni Szwarc,pszwarch4@shinystat.com
425,Tedman Starmont,tstarmonth5@ameblo.jp
635,Mervin Ranstead,mransteadh6@moonfruit.com
230,Flory Ropert,froperth7@mlb.com
272,Granthem Cleall,gcleallh8@free.fr
666,Adaline Halleybone,ahalleyboneh9@ted.com
66,Barth Shevlan,bshevlanha@nifty.com
746,Korry Mincher,kmincherhb@skype.com
959,Dorette Parcall,dparcallhc@bandcamp.com
594,Huntlee Siddon,hsiddonhd@prlog.org
701,Aurie Maps,amapshe@guardian.co.uk
686,Rhodie Davenhall,rdavenhallhf@tmall.com
240,Tybi Ivett,tivetthg@bing.com
987,Christal Labrow,clabrowhh@china.com.cn
979,Pansie Grim,pgrimhi@wsj.com
768,Bernarr Kleinfeld,bkleinfeldhj@fotki.com
823,Tildi Rudinger,trudingerhk@privacy.gov.au
706,Yelena Elsom,yelsomhl@themeforest.net
20,Gabriela Maleham,gmalehamhm@icq.com
548,Andros Rivallant,arivallanthn@moonfruit.com
524,Eleni Klulicek,eklulicekho@symantec.com
414,Valenka Walch,vwalchhp@imageshack.us
437,Lothario Riddock,lriddockhq@example.com
727,Louise Coules,lcouleshr@google.pl
512,Bobbie McCamish,bmccamishhs@va.gov
955,Tana Munnings,tmunningsht@businessinsider.com
40,Freddy Jarritt,fjarritthu@technorati.com
205,Annadiana Sam,asamhv@foxnews.com
548,Garek Sturmey,gsturmeyhw@fc2.com
430,Farly Mardy,fmardyhx@comsenz.com
554,Hillie Dominique,hdominiquehy@prweb.com
829,Gretal Bartosinski,gbartosinskihz@who.int
749,Edward Kirsche,ekirschei0@patch.com
223,Diana Tegeller,dtegelleri1@usda.gov
111,Arlette Westhofer,awesthoferi2@blog.com
178,Shelby Spelwood,sspelwoodi3@eventbrite.com
37,Townsend Casillas,tcasillasi4@moonfruit.com
116,Merle Phelipeau,mphelipeaui5@plala.or.jp
284,Izzy Brittian,ibrittiani6@dropbox.com
147,Maxine Blake,mblakei7@nbcnews.com
786,Mirella Tooze,mtoozei8@1688.com
47,Dione Shortan,dshortani9@spotify.com
24,Cody Chang,cchangia@odnoklassniki.ru
864,Blondelle Cremen,bcremenib@newyorker.com
673,Paulita Estevez,pestevezic@google.com.hk
383,Felipa Everitt,feverittid@adobe.com
748,Ingra Pentelo,ipenteloie@free.fr
609,Jerrilee Hanster,jhansterif@intel.com
430,Jojo Goadby,jgoadbyig@webs.com
791,Janie Moorcraft,jmoorcraftih@tuttocitta.it
832,Roger Kimbell,rkimbellii@gov.uk
973,Francesco Bertwistle,fbertwistleij@sfgate.com
204,Reggy Fancett,rfancettik@bbc.co.uk
424,Rebecca Sherbrooke,rsherbrookeil@wisc.edu
67,Fredric Christoffels,fchristoffelsim@noaa.gov
444,Barde De Giorgio,bdein@google.it
960,Marjy Gooderson,mgoodersonio@irs.gov
30,Cort Dike,cdikeip@mysql.com
623,Pippa Roskelley,proskelleyiq@yellowbook.com
516,Dori Wike,dwikeir@paypal.com
681,Ondrea Mallabund,omallabundis@biglobe.ne.jp
448,Jamima Challener,jchallenerit@ow.ly
756,Terese Nealand,tnealandiu@domainmarket.com
513,Meade Bust,mbustiv@pcworld.com
297,Lindie Diss,ldissiw@so-net.ne.jp
101,Faber Arnall,farnallix@washington.edu
390,Kinnie Hartman,khartmaniy@google.ca
287,Josephina Westlake,jwestlakeiz@paginegialle.it
724,Yehudit Tufts,ytuftsj0@java.com
515,Berni Purkiss,bpurkissj1@upenn.edu
522,Marian Fawlkes,mfawlkesj2@psu.edu
887,Alasdair Radbourn,aradbournj3@sciencedaily.com
175,Lark Gosneye,lgosneyej4@shareasale.com
161,Rodi Iacovolo,riacovoloj5@gov.uk
843,Kingsly Cane,kcanej6@smh.com.au
991,Zachery Heathfield,zheathfieldj7@wikimedia.org
778,Rheba Platt,rplattj8@virginia.edu
215,Blondell Matussov,bmatussovj9@earthlink.net
319,Amye Starbeck,astarbeckja@behance.net
968,Reube Westnedge,rwestnedgejb@prlog.org
229,Gideon Fills,gfillsjc@yellowpages.com
360,Steffie MacAndie,smacandiejd@upenn.edu
290,Tonye Caffrey,tcaffreyje@gnu.org
769,Hulda Cossans,hcossansjf@google.com.au
414,Oby Borrett,oborrettjg@ovh.net
824,Erskine Joseland,ejoselandjh@rediff.com
582,Matty Lemm,mlemmji@behance.net
898,Katha Franzoli,kfranzolijj@qq.com
780,Adriena Murrish,amurrishjk@acquirethisname.com
322,Merrily Budgey,mbudgeyjl@slashdot.org
306,Gayle Lawleff,glawleffjm@creativecommons.org
231,Steffane Knights,sknightsjn@ihg.com
527,Letizia Willcott,lwillcottjo@auda.org.au
849,Enrika Bernardes,ebernardesjp@vinaora.com
323,Elmore Pinnion,epinnionjq@ebay.com
323,Glenn Honywill,ghonywilljr@biglobe.ne.jp
470,Lem Stranieri,lstranierijs@columbia.edu
846,Ronna Flemmich,rflemmichjt@virginia.edu
416,Tybi Korous,tkorousju@bbb.org
775,Jerald Kittless,jkittlessjv@weibo.com
83,Jorry Lyptratt,jlyptrattjw@webeden.co.uk
902,Elle Krale,ekralejx@t-online.de
968,Whitney Nibley,wnibleyjy@wunderground.com
191,Timofei Skullet,tskulletjz@theatlantic.com
648,Rosaline Viscovi,rviscovik0@sciencedaily.com
736,Carrissa Noto,cnotok1@booking.com
9,Flemming Dodds,fdoddsk2@shop-pro.jp
838,Amitie Feehan,afeehank3@wunderground.com
568,Esme McPike,emcpikek4@hexun.com
918,Gearalt Izkovitch,gizkovitchk5@howstuffworks.com
462,Deane Ricarde,dricardek6@aboutads.info
22,Maximilian Law,mlawk7@cmu.edu
820,Colan Corser,ccorserk8@hostgator.com
438,Isidoro Probet,iprobetk9@ning.com
110,Aurelia Duffree,aduffreeka@ask.com
484,Astrix Soane,asoanekb@wordpress.org
794,Clim Rome,cromekc@nationalgeographic.com
794,Karolina Elintune,kelintunekd@comcast.net
282,Beverley Bernardi,bbernardike@about.me
554,Westley Bickford,wbickfordkf@narod.ru
33,Philippa Cestard,pcestardkg@comsenz.com
721,Derby Mountlow,dmountlowkh@sakura.ne.jp
208,Tonie Sulland,tsullandki@canalblog.com
357,Sven Meakin,smeakinkj@fastcompany.com
17,Olag Catterick,ocatterickkk@yellowbook.com
242,Nickie Boswood,nboswoodkl@spotify.com
49,Natividad Jurek,njurekkm@nasa.gov
620,Shellie Teece,steecekn@seattletimes.com
414,Kippie Creevy,kcreevyko@jimdo.com
657,Rafferty Tudor,rtudorkp@instagram.com
81,Aldis Dilston,adilstonkq@columbia.edu
240,Rosy Jefferies,rjefferieskr@ameblo.jp
908,Alina Fairlem,afairlemks@google.co.uk
838,Gratia Padbery,gpadberykt@uol.com.br
473,Brady Cloonan,bcloonanku@state.tx.us
957,Catie Klaves,cklaveskv@umich.edu
824,Misti Balaizot,mbalaizotkw@liveinternet.ru
707,Joanna Hamil,jhamilkx@mac.com
709,Thain Smalls,tsmallsky@mozilla.com
306,Lebbie Worpole,lworpolekz@sciencedaily.com
722,Zared Byron,zbyronl0@arstechnica.com
628,Marijn Blomefield,mblomefieldl1@slashdot.org
36,Ruddy Lelande,rlelandel2@kickstarter.com
472,Aube Jeal,ajeall3@psu.edu
759,Doti Creser,dcreserl4@answers.com
937,Konstanze Irvin,kirvinl5@cam.ac.uk
577,Perri Cottam,pcottaml6@constantcontact.com
162,Shirleen Fuge,sfugel7@drupal.org
717,Liv Barlee,lbarleel8@paypal.com
288,Franchot Lechelle,flechellel9@msn.com
877,Malory Ilyin,milyinla@engadget.com
66,Mitchel Kendell,mkendelllb@t.co
122,Rebeka Attrie,rattrielc@irs.gov
49,Geraldine Dencs,gdencsld@msn.com
128,Latisha Dengate,ldengatele@istockphoto.com
662,Rawley Upcott,rupcottlf@so-net.ne.jp
659,Marcellina Haldon,mhaldonlg@dmoz.org
779,Jessie Letterick,jlettericklh@engadget.com
988,Nyssa Casado,ncasadoli@yahoo.co.jp
861,Charlie Noonan,cnoonanlj@apache.org
101,Arabela Fernier,afernierlk@buzzfeed.com
974,Seymour Paniman,spanimanll@over-blog.com
275,Patsy Meininking,pmeininkinglm@ameblo.jp
127,Earl Cumberledge,ecumberledgeln@cnn.com
190,Delmore Gale,dgalelo@homestead.com
716,Annabel Atlay,aatlaylp@si.edu
952,Jenny Winters,jwinterslq@pagesperso-orange.fr
661,Jewell Glowach,jglowachlr@google.es
748,Andee Maier,amaierls@yahoo.co.jp
549,Salvatore Tuppeny,stuppenylt@symantec.com
333,Emeline Cossans,ecossanslu@hao123.com
780,Aguistin Pressman,apressmanlv@google.it
626,Valene Aspinwall,vaspinwalllw@howstuffworks.com
882,Melony Vasiliev,mvasilievlx@youku.com
673,Griffie Fazzioli,gfazziolily@vistaprint.com
805,Avivah Mariyushkin,amariyushkinlz@trellian.com
519,Alexi Goodsir,agoodsirm0@comcast.net
122,Wenona Kitteman,wkittemanm1@sina.com.cn
496,Harriett Baglan,hbaglanm2@nifty.com
24,Horst Sweetnam,hsweetnamm3@friendfeed.com
489,Patrizia Bacchus,pbacchusm4@tinypic.com
468,Corly Pieters,cpietersm5@yelp.com
251,Holt Fitchet,hfitchetm6@mashable.com
773,Edgardo Mercik,emercikm7@chron.com
316,Hubie Mozzetti,hmozzettim8@techcrunch.com
868,Ginevra Torrie,gtorriem9@twitter.com
834,Ulberto De la Zenne,udema@bing.com
191,Ketty Blackbourn,kblackbournmb@squarespace.com
713,Chandal Huband,chubandmc@msn.com
975,Adeline Wilbud,awilbudmd@oracle.com
865,Caron Willeman,cwillemanme@devhub.com
13,Guinevere Stenning,gstenningmf@sciencedaily.com
823,Dalt Maybury,dmayburymg@tinypic.com
174,Camella Hayen,chayenmh@csmonitor.com
71,Brigitta Lapsley,blapsleymi@wordpress.com
450,Dennet Vaadeland,dvaadelandmj@posterous.com
70,Thebault Loud,tloudmk@google.it
314,Phillis Snodden,psnoddenml@cloudflare.com
449,Maxy Heaphy,mheaphymm@google.com.au
21,Mario Freiberg,mfreibergmn@ucoz.ru
748,Jorgan Edgerley,jedgerleymo@51.la
688,Eamon Colqueran,ecolqueranmp@merriam-webster.com
725,Zea Veldman,zveldmanmq@naver.com
624,Annice Coker,acokermr@ebay.com
813,Marijn Broadstock,mbroadstockms@prlog.org
499,Hewitt Yoslowitz,hyoslowitzmt@bloglines.com
20,Goober Kirgan,gkirganmu@yahoo.co.jp
904,Ermin Rickardes,erickardesmv@earthlink.net
769,Tracy Yitzovitz,tyitzovitzmw@github.io
358,Lonny Wardrop,lwardropmx@umn.edu
744,Daisie Fenning,dfenningmy@statcounter.com
798,Devlen Greenhowe,dgreenhowemz@upenn.edu
962,Niccolo Smye,nsmyen0@elpais.com
508,Kara Escoffrey,kescoffreyn1@fastcompany.com
258,Shea MacKain,smackainn2@fastcompany.com
473,Ferdy Dale,fdalen3@hubpages.com
29,Thornton Ellerbeck,tellerbeckn4@nifty.com
163,Alyss Gierke,agierken5@flickr.com
462,Marilee Gravie,mgravien6@nsw.gov.au
972,Prissie Bothwell,pbothwelln7@is.gd
471,Byron Fernao,bfernaon8@gmpg.org
596,Ebonee Hugo,ehugon9@nationalgeographic.com
392,Martynne Swafield,mswafieldna@mlb.com
112,Orsola Everton,oevertonnb@instagram.com
758,Robbie Pinnegar,rpinnegarnc@bing.com
509,Brewster Bartkowiak,bbartkowiaknd@paypal.com
429,Glynda Mephan,gmephanne@merriam-webster.com
88,Chancey Curphey,ccurpheynf@t-online.de
487,Broderick Pughe,bpugheng@slideshare.net
928,Nelly Kilbey,nkilbeynh@wikispaces.com
560,Emelita Kellock,ekellockni@forbes.com
21,Sean Hamlett,shamlettnj@si.edu
967,Garrett Ghelarducci,gghelarduccink@guardian.co.uk
218,Agatha Ashborne,aashbornenl@google.com.hk
388,Arty Sloat,asloatnm@printfriendly.com
741,Gilly Bloxsome,gbloxsomenn@deliciousdays.com
197,Betteanne Twine,btwineno@blogspot.com
511,Rosmunda Casari,rcasarinp@gravatar.com
631,Tremain Emor,temornq@cdbaby.com
604,Sibylle Hardwidge,shardwidgenr@who.int
365,Harriot Basile,hbasilens@gnu.org
136,Corey Aland,calandnt@time.com
151,Lindsay Perree,lperreenu@illinois.edu
441,Coop MacLise,cmaclisenv@businessweek.com
770,Diann Fardy,dfardynw@liveinternet.ru
736,Brandtr Wotton,bwottonnx@cdc.gov
479,Johna Gill,jgillny@whitehouse.gov
574,Sutton Ribchester,sribchesternz@so-net.ne.jp
662,Hayley Caughan,hcaughano0@usgs.gov
752,Alyce Goodred,agoodredo1@admin.ch
254,Sibylla Drayson,sdraysono2@symantec.com
228,Mason Hazeldine,mhazeldineo3@smh.com.au
603,Clyve Robken,crobkeno4@usgs.gov
226,Dirk Taberer,dtaberero5@examiner.com
201,Sileas Thorsby,sthorsbyo6@vinaora.com
804,Dru Rolles,drolleso7@friendfeed.com
845,Claudio Campo,ccampoo8@guardian.co.uk
177,Claudell Fibbit,cfibbito9@t.co
851,Abbey Skydall,askydalloa@360.cn
10,Theodore Strank,tstrankob@jimdo.com
311,Laurena Curr,lcurroc@ustream.tv
895,Dale Mattia,dmattiaod@studiopress.com
564,Alena Kener,akeneroe@ftc.gov
286,Ava Vedeneev,avedeneevof@bizjournals.com
631,Zach Augustus,zaugustusog@blog.com
85,Sisely Hearfield,shearfieldoh@ovh.net
209,Horace Vautin,hvautinoi@howstuffworks.com
716,Wolfy Winter,wwinteroj@thetimes.co.uk
991,Margarethe Sissland,msisslandok@dedecms.com
915,Fidelity Haney`,fhaneyol@google.de
435,Babbette Mordecai,bmordecaiom@gov.uk
877,Catlin Myhan,cmyhanon@upenn.edu
935,Marco Umbert,mumbertoo@macromedia.com
743,Ryann Kenford,rkenfordop@bluehost.com
91,Anson Letchford,aletchfordoq@myspace.com
134,Lynne Gilyatt,lgilyattor@wikimedia.org
241,Olimpia Mendez,omendezos@sakura.ne.jp
50,Rockie MacDermot,rmacdermotot@github.com
89,Madelena Skeermer,mskeermerou@163.com
747,Linn Lemoir,llemoirov@canalblog.com
208,Jackqueline Trayte,jtrayteow@cbsnews.com
404,Audrie Pirozzi,apirozziox@issuu.com
543,Angelina Kalinovich,akalinovichoy@china.com.cn
567,Jeth Gornar,jgornaroz@soundcloud.com
656,Gail Beau,gbeaup0@clickbank.net
618,Obadiah Morey,omoreyp1@lycos.com
567,Jerald Ortells,jortellsp2@omniture.com
571,Marybelle Pinxton,mpinxtonp3@adobe.com
307,Dalila Greathead,dgreatheadp4@bloglines.com
973,Stern Hunnam,shunnamp5@howstuffworks.com
327,Gilbertine Seelbach,gseelbachp6@rakuten.co.jp
291,Clement Crayk,ccraykp7@si.edu
630,Flemming Callender,fcallenderp8@usatoday.com
1000,Fletcher Mancer,fmancerp9@spotify.com
615,Willetta Kimberly,wkimberlypa@histats.com
54,Lucias Cahn,lcahnpb@umich.edu
582,Adriane Decent,adecentpc@sourceforge.net
445,Edithe Suckling,esucklingpd@bluehost.com
523,Bar Wooding,bwoodingpe@google.co.jp
387,Waylan Lambourne,wlambournepf@springer.com
463,Wolfy Shark,wsharkpg@printfriendly.com
200,Gene Sokale,gsokaleph@multiply.com
123,Maryann Newbery,mnewberypi@state.tx.us
653,Pooh Parmby,pparmbypj@fc2.com
687,Emmit Latehouse,elatehousepk@joomla.org
220,Pearl Humby,phumbypl@merriam-webster.com
909,Antonin Schultheiss,aschultheisspm@harvard.edu
102,Libbie Rilston,lrilstonpn@marketwatch.com
324,Martyn Spriggin,msprigginpo@tiny.cc
403,Christoph Cumberledge,ccumberledgepp@liveinternet.ru
867,Celie Galletly,cgalletlypq@issuu.com
667,Damien Lindop,dlindoppr@dell.com
891,Kerrin Aldrick,kaldrickps@simplemachines.org
749,Glory Blinckhorne,gblinckhornept@ezinearticles.com
478,Isabeau Kirkbride,ikirkbridepu@cnet.com
190,Chandler Hicks,chickspv@opera.com
362,Lockwood Lambswood,llambswoodpw@studiopress.com
223,Jamaal Lomath,jlomathpx@blog.com
916,Rosalyn Grimmert,rgrimmertpy@bandcamp.com
887,Tomas Keys,tkeyspz@washington.edu
703,Eberto Clothier,eclothierq0@go.com
497,Jud Leger,jlegerq1@fc2.com
978,Nixie Panas,npanasq2@wsj.com
401,Nan O' Hern,noq3@twitpic.com
97,Nelia Haruard,nharuardq4@ucla.edu
914,Graig Barnewille,gbarnewilleq5@discovery.com
466,Blake Wandless,bwandlessq6@oakley.com
475,Daniel Dammarell,ddammarellq7@upenn.edu
367,Moreen Berrane,mberraneq8@blinklist.com
296,Carleton Peers,cpeersq9@pcworld.com
678,Creighton Van Oort,cvanqa@msn.com
636,Caitlin De la Eglise,cdeqb@bravesites.com
748,Laraine Vittore,lvittoreqc@phoca.cz
832,Morganne Bernardeau,mbernardeauqd@china.com.cn
899,Shirlene Decent,sdecentqe@unicef.org
144,Sinclair Cano,scanoqf@mozilla.org
282,Lem Arnli,larnliqg@jalbum.net
97,Lucine Bauchop,lbauchopqh@exblog.jp
945,Maynord Hundell,mhundellqi@tamu.edu
234,Wittie Scantleberry,wscantleberryqj@bloomberg.com
66,Maryrose Blasik,mblasikqk@edublogs.org
935,Carlie Hurn,churnql@cargocollective.com
497,Silvester Rillatt,srillattqm@amazon.de
519,Olva Harsum,oharsumqn@aol.com
230,Kirsten Sidnall,ksidnallqo@google.com.br
709,Myrah Klich,mklichqp@xing.com
289,Brita Burberye,bburberyeqq@smugmug.com
637,Freedman Glasard,fglasardqr@answers.com
18,Alf Root,arootqs@hhs.gov
741,Ethel Pea,epeaqt@princeton.edu
960,Pammy Alti,paltiqu@linkedin.com
396,Carey Ivanin,civaninqv@mapy.cz
575,Wyndham Tinmouth,wtinmouthqw@opera.com
833,Lurline Erasmus,lerasmusqx@discuz.net
790,Corabel Pinnocke,cpinnockeqy@technorati.com
979,Willis Onthank,wonthankqz@oracle.com
585,Adorne Corss,acorssr0@gov.uk
128,Niel Ridder,nridderr1@gmpg.org
990,Virgina Rennels,vrennelsr2@go.com
577,Gates MacNeilly,gmacneillyr3@lycos.com
137,Tyler Elson,telsonr4@odnoklassniki.ru
243,Reinwald Greetham,rgreethamr5@rediff.com
608,Delmore Morland,dmorlandr6@wufoo.com
203,Filide Webborn,fwebbornr7@ucla.edu
267,Bevin Eeles,beelesr8@ow.ly
951,Franky Pirozzi,fpirozzir9@tmall.com
335,Nickolaus Takle,ntaklera@gov.uk
324,Dennison Selbie,dselbierb@ustream.tv
672,Freemon Jacketts,fjackettsrc@mlb.com
269,Suzy Skews,sskewsrd@timesonline.co.uk
31,Camel Beavis,cbeavisre@sciencedirect.com
129,Kizzee Kinman,kkinmanrf@nature.com
312,Robin Ortas,rortasrg@tinypic.com
20,Doretta Vannikov,dvannikovrh@mac.com
107,Hailee Gonthier,hgonthierri@opensource.org
957,Thorin Mechell,tmechellrj@oaic.gov.au
621,Lon Pembery,lpemberyrk@smh.com.au
742,Dionis Vermer,dvermerrl@hatena.ne.jp
691,Barbey Sparry,bsparryrm@apple.com
827,Zachariah Semarke,zsemarkern@digg.com
800,Lenci Meir,lmeirro@hostgator.com
972,Jarib Carmont,jcarmontrp@marriott.com
161,Conrado Maudling,cmaudlingrq@time.com
951,Nikki Abramzon,nabramzonrr@skyrock.com
