CustomerID,CustomerName,CustomerEmail
221,Ashlan Keoghane,akeoghane0@reddit.com
776,Nada Brittian,nbrittian1@simplemachines.org
826,Merill Dinan,mdinan2@stumbleupon.com
62,Kathlin Richardot,krichardot3@businessinsider.com
323,Briano De Witt,bde4@rakuten.co.jp
43,Nikolas Wordington,nwordington5@trellian.com
910,Deeanne Prinne,dprinne6@google.co.uk
287,Odelinda Deverall,odeverall7@technorati.com
538,Andrea Treslove,atreslove8@imgur.com
419,La verne Dandie,lverne9@buzzfeed.com
238,Kipp Deegan,kdeegana@seattletimes.com
932,Marlee Grzelczak,mgrzelczakb@ca.gov
202,Gayle Easdon,geasdonc@github.io
184,Benson Spittal,bspittald@networksolutions.com
920,Devora Hattoe,dhattoee@fastcompany.com
951,Welsh Astbery,wastberyf@sogou.com
979,Haley Buttress,hbuttressg@cargocollective.com
868,Janos Ellacott,jellacotth@friendfeed.com
797,Bertine Yackiminie,byackiminiei@soundcloud.com
825,Georgy Huitt,ghuittj@csmonitor.com
849,Gwyn Sockell,gsockellk@trellian.com
253,Benita Gronauer,bgronauerl@facebook.com
6,Ingeberg Gresty,igrestym@usa.gov
960,Amberly Udale,audalen@naver.com
511,Eloise Randales,erandaleso@forbes.com
771,Art Sherer,ashererp@spiegel.de
661,Marion Klemenz,mklemenzq@list-manage.com
44,Augustin Lynagh,alynaghr@istockphoto.com
721,Iosep Banthorpe,ibanthorpes@hhs.gov
66,Thomasin Blenkharn,tblenkharnt@thetimes.co.uk
584,Marty Worg,mworgu@ustream.tv
649,Daveen Sturt,dsturtv@hao123.com
858,Giovanni Islep,gislepw@freewebs.com
378,Rudy Hennemann,rhennemannx@google.nl
321,Gert Robeiro,grobeiroy@indiegogo.com
733,Darlene Flight,dflightz@nasa.gov
531,Faustine Gillott,fgillott10@plala.or.jp
678,Ruthie Jefferys,rjefferys11@sitemeter.com
73,Margette Swinnard,mswinnard12@comsenz.com
664,Idell Langhorn,ilanghorn13@webnode.com
427,Filide Gregoletti,fgregoletti14@usgs.gov
700,Donia Caghy,dcaghy15@msu.edu
937,Leah Nicklen,lnicklen16@tumblr.com
802,Nickey Pieter,npieter17@blinklist.com
906,Quincy Wyd,qwyd18@un.org
107,Bud Gillian,bgillian19@mozilla.org
487,Pedro Caltera,pcaltera1a@eepurl.com
841,Teriann O'Sharry,tosharry1b@gravatar.com
534,Johnny Lemin,jlemin1c@cnet.com
747,Cassey Schoolcroft,cschoolcroft1d@shop-pro.jp
669,Alain Gawen,agawen1e@facebook.com
962,Arlan Beeson,abeeson1f@un.org
428,Bill Mulliss,bmulliss1g@cnn.com
841,Gannon Knobell,gknobell1h@fotki.com
178,Rosmunda Fancett,rfancett1i@jigsy.com
625,Isabeau Woolcocks,iwoolcocks1j@ucoz.ru
717,Tammy Dionsetto,tdionsetto1k@wsj.com
489,Harlie Ridesdale,hridesdale1l@godaddy.com
767,Colin Fownes,cfownes1m@liveinternet.ru
900,Gan Dunnett,gdunnett1n@apache.org
66,Maure Merwood,mmerwood1o@paginegialle.it
676,Chaddie Lacoste,clacoste1p@wufoo.com
567,Becki Kitching,bkitching1q@gmpg.org
453,Dilly Pursehouse,dpursehouse1r@upenn.edu
786,Marcelo Pietrasik,mpietrasik1s@cpanel.net
470,Jannelle Scougal,jscougal1t@hubpages.com
954,Laverna Jirzik,ljirzik1u@lycos.com
463,Julie Yakunkin,jyakunkin1v@go.com
912,Philomena Beddis,pbeddis1w@hud.gov
101,Caren Pebworth,cpebworth1x@google.it
671,Reg Pasby,rpasby1y@abc.net.au
591,Fae Batting,fbatting1z@constantcontact.com
642,Raimundo Jannequin,rjannequin20@google.it
25,Kania Bubbins,kbubbins21@netvibes.com
185,Rosmunda Vina,rvina22@last.fm
61,Tammi Rolls,trolls23@ucoz.ru
83,Debbi Cantos,dcantos24@bizjournals.com
925,Kimbra Matskevich,kmatskevich25@de.vu
638,Sherry Sidnell,ssidnell26@pinterest.com
150,Trip MacFadden,tmacfadden27@instagram.com
849,Filippo Heninghem,fheninghem28@dot.gov
163,Allix Brookton,abrookton29@discuz.net
618,Felicia Cleaver,fcleaver2a@ezinearticles.com
546,Mela Downage,mdownage2b@digg.com
576,Benoite Matthewson,bmatthewson2c@census.gov
567,Jakie Klosterman,jklosterman2d@bravesites.com
405,Latashia Casellas,lcasellas2e@newsvine.com
745,Lu Balmer,lbalmer2f@tmall.com
922,Laetitia Crolla,lcrolla2g@baidu.com
62,Eada Delort,edelort2h@zimbio.com
351,Halley Urian,hurian2i@i2i.jp
117,Marielle Malin,mmalin2j@illinois.edu
824,Rhoda Harwell,rharwell2k@state.gov
751,Rhodia Hindes,rhindes2l@spotify.com
317,Humfrid Hoovart,hhoovart2m@e-recht24.de
907,Alta Caff,acaff2n@dailymotion.com
593,Glenden Allsep,gallsep2o@reference.com
552,Charlotta Beacham,cbeacham2p@booking.com
639,Cyndy Berston,cberston2q@kickstarter.com
743,Susette Kubes,skubes2r@bizjournals.com
683,Carley Waistall,cwaistall2s@cbslocal.com
633,Querida Loxston,qloxston2t@geocities.com
987,Joshia Nana,jnana2u@feedburner.com
133,Dalli Seymer,dseymer2v@amazon.co.jp
971,Doria Jindrich,djindrich2w@imageshack.us
745,Kristofer Brower,kbrower2x@slashdot.org
273,Brewster Gleader,bgleader2y@tinypic.com
92,Giordano Mozzi,gmozzi2z@psu.edu
723,Burgess O'Cahey,bocahey30@flickr.com
235,Parry Van der Kruijs,pvan31@columbia.edu
239,Zandra Wythe,zwythe32@state.tx.us
389,Marcellus Mealing,mmealing33@fc2.com
577,Wye Origin,worigin34@google.de
907,Jeannine Halse,jhalse35@vimeo.com
111,Stephenie Barrim,sbarrim36@ehow.com
614,Alane Le Fevre,ale37@businessinsider.com
959,Humphrey Houseman,hhouseman38@mtv.com
565,Elwin Frane,efrane39@latimes.com
224,Burl Gergolet,bgergolet3a@dyndns.org
553,Gabie Coultish,gcoultish3b@bluehost.com
313,Katharine Bartley,kbartley3c@home.pl
125,Dunc Rau,drau3d@youtu.be
816,Riannon Sallter,rsallter3e@webmd.com
90,Sharl Bayliss,sbayliss3f@nbcnews.com
943,Hatti Raggitt,hraggitt3g@infoseek.co.jp
577,Sheff Brozek,sbrozek3h@globo.com
265,Alfi Holwell,aholwell3i@miitbeian.gov.cn
422,Bette-ann Tuvey,btuvey3j@mac.com
959,Morgun Tremollet,mtremollet3k@cbc.ca
787,Lanie Venable,lvenable3l@google.pl
649,Cami Keyzman,ckeyzman3m@google.cn
899,Felita Scougall,fscougall3n@mapquest.com
83,Loretta Joire,ljoire3o@de.vu
347,Derick Perrottet,dperrottet3p@nymag.com
940,Shep Urrey,surrey3q@elpais.com
334,Millard Spavon,mspavon3r@sitemeter.com
611,Zacharie Sawtell,zsawtell3s@pen.io
926,Anastassia Matteoli,amatteoli3t@clickbank.net
455,Cord Ferruzzi,cferruzzi3u@prnewswire.com
789,Merrily Tabert,mtabert3v@weather.com
186,Pierette Vickerstaff,pvickerstaff3w@i2i.jp
579,Vivia Castaner,vcastaner3x@infoseek.co.jp
250,Tabbatha Botte,tbotte3y@webs.com
646,Miguel Casillis,mcasillis3z@dell.com
683,Olly Leil,oleil40@paypal.com
631,Eydie Loughran,eloughran41@slideshare.net
552,Dallas Asmus,dasmus42@statcounter.com
933,Carmelle Arger,carger43@miitbeian.gov.cn
856,Mark Forsdicke,mforsdicke44@furl.net
216,Sigismundo Yule,syule45@squidoo.com
349,Prudi Halliday,phalliday46@springer.com
34,Margarethe Creelman,mcreelman47@yolasite.com
12,Ase Porcas,aporcas48@sfgate.com
649,Karyl Please,kplease49@w3.org
961,Shelagh De'Ath,sdeath4a@vistaprint.com
676,Lillis Bourget,lbourget4b@who.int
458,Kinnie Hinsche,khinsche4c@skype.com
274,Lucia Bourdel,lbourdel4d@last.fm
132,Garland Marquiss,gmarquiss4e@opensource.org
71,Alexandros Lygoe,alygoe4f@histats.com
599,Morena Seabert,mseabert4g@wordpress.org
154,Rica Aitkenhead,raitkenhead4h@simplemachines.org
9,Kendra McGown,kmcgown4i@fotki.com
85,Aloisia Warboy,awarboy4j@smugmug.com
784,Jakie Ivshin,jivshin4k@washingtonpost.com
198,Dyan Gobeau,dgobeau4l@paginegialle.it
982,Meryl Hadcroft,mhadcroft4m@biglobe.ne.jp
215,Corbett O'Halleghane,cohalleghane4n@answers.com
758,Torrence Bairstow,tbairstow4o@ebay.co.uk
602,Corbet Grellier,cgrellier4p@usa.gov
564,Forester Gutowski,fgutowski4q@ebay.com
265,Fredek Leguay,fleguay4r@hao123.com
209,Elijah Clash,eclash4s@opera.com
680,Hamlen Twohig,htwohig4t@jugem.jp
814,Desiri Langer,dlanger4u@marketwatch.com
861,Sadye Rannie,srannie4v@slashdot.org
179,Tull Korous,tkorous4w@ezinearticles.com
614,Maris Alejandro,malejandro4x@instagram.com
95,Briney Slobom,bslobom4y@usatoday.com
550,Odetta Quilkin,oquilkin4z@linkedin.com
689,Millicent Kasman,mkasman50@craigslist.org
855,Kilian Blanking,kblanking51@naver.com
462,Delano Fiennes,dfiennes52@google.fr
865,Giovanna Graveson,ggraveson53@ted.com
511,Lonee Sayers,lsayers54@mtv.com
905,Rafael Gudde,rgudde55@ask.com
894,Cthrine Tuffell,ctuffell56@tiny.cc
766,Kellia Garard,kgarard57@yahoo.co.jp
547,Jayme Tchir,jtchir58@independent.co.uk
989,Pate Battey,pbattey59@nbcnews.com
600,Gene Banthorpe,gbanthorpe5a@google.de
964,Korrie Golagley,kgolagley5b@dot.gov
300,Felicity Wipper,fwipper5c@i2i.jp
909,Maxie Aveline,maveline5d@simplemachines.org
354,Clarinda Extill,cextill5e@aol.com
523,Cally Sebastian,csebastian5f@yahoo.com
431,Angil Crisp,acrisp5g@noaa.gov
444,Georgina Klammt,gklammt5h@earthlink.net
213,Valaree Cicculi,vcicculi5i@t.co
291,Tyrus Kobierski,tkobierski5j@cmu.edu
485,Jodie Oran,joran5k@smugmug.com
116,Iolande Cheley,icheley5l@time.com
677,Midge Makey,mmakey5m@sciencedaily.com
575,Davin Stebbing,dstebbing5n@pagesperso-orange.fr
695,Phil Lutton,plutton5o@patch.com
537,Tabina Swiggs,tswiggs5p@globo.com
815,Sharon Jessopp,sjessopp5q@europa.eu
589,Ransom Jirak,rjirak5r@dmoz.org
775,Julianna Cersey,jcersey5s@smh.com.au
263,Marilin McPhaden,mmcphaden5t@cornell.edu
630,Gwendolin Ucchino,gucchino5u@alibaba.com
225,Carver Thewless,cthewless5v@springer.com
671,Kurt Leele,kleele5w@weibo.com
337,Keefer Sich,ksich5x@cnbc.com
716,Rosina Bezarra,rbezarra5y@weebly.com
468,Shena Marlowe,smarlowe5z@lycos.com
701,Joyann Charlewood,jcharlewood60@i2i.jp
307,Andee Brader,abrader61@free.fr
862,Pooh Gerren,pgerren62@mozilla.org
978,Rae Tyrie,rtyrie63@ucoz.com
296,Marijn Hobble,mhobble64@who.int
339,Merola Lebond,mlebond65@smh.com.au
189,Doreen Allibon,dallibon66@smh.com.au
635,Byron Inde,binde67@irs.gov
53,Melody Langhor,mlanghor68@nationalgeographic.com
35,Emilio Boarder,eboarder69@amazon.de
181,Donnie Cawley,dcawley6a@jimdo.com
89,Lucian Merrill,lmerrill6b@over-blog.com
995,Arnie Aguilar,aaguilar6c@cam.ac.uk
639,Rubia Delort,rdelort6d@livejournal.com
910,Roseann O'Mara,romara6e@comcast.net
909,Meara Caffin,mcaffin6f@domainmarket.com
354,Maximo Mandry,mmandry6g@hao123.com
56,Saloma Esom,sesom6h@wp.com
803,Brocky Luetkemeyers,bluetkemeyers6i@who.int
108,Edita Wong,ewong6j@cpanel.net
692,Tynan Wolfer,twolfer6k@alexa.com
711,Nydia Killwick,nkillwick6l@g.co
533,Marta Stembridge,mstembridge6m@intel.com
681,Piper Rathe,prathe6n@linkedin.com
830,Eleni Dreamer,edreamer6o@bigcartel.com
996,Tilda Gowenlock,tgowenlock6p@storify.com
100,Audrye Gravey,agravey6q@cam.ac.uk
821,Eula Goulbourne,egoulbourne6r@deliciousdays.com
180,Antonino Pescud,apescud6s@hp.com
126,Madelaine Yelding,myelding6t@google.nl
503,Lyndsie Massingham,lmassingham6u@photobucket.com
309,Belle McFarland,bmcfarland6v@sogou.com
715,Domingo Winear,dwinear6w@soundcloud.com
317,Trenna Oliff,toliff6x@so-net.ne.jp
658,Hamlen Seagar,hseagar6y@unicef.org
276,Othello Lotherington,olotherington6z@ifeng.com
905,Tucker Jelliman,tjelliman70@examiner.com
196,Sunshine Goulborn,sgoulborn71@ibm.com
272,Caddric Franck,cfranck72@jiathis.com
641,Kipper Segebrecht,ksegebrecht73@accuweather.com
954,Di Hurcombe,dhurcombe74@usnews.com
209,Farica Kendall,fkendall75@ftc.gov
214,Jamima Vaneev,jvaneev76@amazon.co.jp
395,Stevena Kertess,skertess77@newyorker.com
665,Dorothea Tong,dtong78@comcast.net
444,Clementia Banford,cbanford79@thetimes.co.uk
728,Tadio MacAlpyne,tmacalpyne7a@google.co.jp
550,Carrie Sadlier,csadlier7b@surveymonkey.com
318,Bonni Janatka,bjanatka7c@hp.com
150,Tawnya Fitzharris,tfitzharris7d@tripod.com
894,Maddie McMichan,mmcmichan7e@senate.gov
785,Latrena Manger,lmanger7f@ftc.gov
376,Edward Coyish,ecoyish7g@deliciousdays.com
787,Carolynn Mannering,cmannering7h@vk.com
271,Biron Dedden,bdedden7i@google.com.hk
342,Georgine Mountain,gmountain7j@w3.org
660,Horacio Geary,hgeary7k@ehow.com
492,Mil Navarijo,mnavarijo7l@google.co.jp
567,Gale Bourdice,gbourdice7m@imageshack.us
648,Betteanne MacMenamy,bmacmenamy7n@vkontakte.ru
173,Corena Goutcher,cgoutcher7o@tumblr.com
800,Dorice Di Antonio,ddi7p@addtoany.com
386,Ilario Palk,ipalk7q@histats.com
858,Silvain Madsen,smadsen7r@netvibes.com
666,Peggi Klulicek,pklulicek7s@ucoz.ru
15,Abby Elcott,aelcott7t@nytimes.com
642,Kori Du Hamel,kdu7u@shop-pro.jp
936,Eugenius Mountfort,emountfort7v@eventbrite.com
55,Vilma Orthmann,vorthmann7w@uol.com.br
856,Lucinda Hehl,lhehl7x@alibaba.com
580,Bil Raw,braw7y@tripod.com
349,Haven Briddle,hbriddle7z@tinyurl.com
712,Briney Picker,bpicker80@cnbc.com
116,Peter Kensett,pkensett81@berkeley.edu
253,Cassondra Bestiman,cbestiman82@telegraph.co.uk
804,Solly Senechell,ssenechell83@timesonline.co.uk
325,Gilly Jillins,gjillins84@umn.edu
57,Barde Ibbett,bibbett85@cbsnews.com
6,Novelia Holborn,nholborn86@google.de
571,Charissa Ennew,cennew87@wsj.com
312,Cherey Sinderland,csinderland88@unblog.fr
814,Tabina Linton,tlinton89@rambler.ru
907,Sebastien D'Oyly,sdoyly8a@bigcartel.com
369,Honoria Pelfer,hpelfer8b@yolasite.com
78,Terence Alenichicov,talenichicov8c@wordpress.com
242,Mandel Delatour,mdelatour8d@angelfire.com
81,Brennan Coase,bcoase8e@disqus.com
105,Shae Roddy,sroddy8f@list-manage.com
414,Harvey de Chastelain,hde8g@berkeley.edu
336,Paquito Kelley,pkelley8h@hao123.com
400,Julian Cowser,jcowser8i@google.com
429,Emmy Colegate,ecolegate8j@skype.com
951,Bobby Morforth,bmorforth8k@topsy.com
281,Ericha Sambell,esambell8l@pcworld.com
776,Levey Jedraszczyk,ljedraszczyk8m@who.int
967,Cher Trythall,ctrythall8n@reuters.com
407,Giulia Teodori,gteodori8o@bing.com
420,Noelani Morten,nmorten8p@people.com.cn
987,Carrie Cotte,ccotte8q@army.mil
471,Nickolai Thurborn,nthurborn8r@cargocollective.com
920,Cate Trineman,ctrineman8s@ucsd.edu
520,Penrod Upwood,pupwood8t@opensource.org
182,Gabriella Chisnall,gchisnall8u@reuters.com
224,Mitzi Lambkin,mlambkin8v@theatlantic.com
76,Cedric Thirlwell,cthirlwell8w@vimeo.com
534,Chickie Pate,cpate8x@macromedia.com
272,Franklin Pooley,fpooley8y@wiley.com
38,Dun Gitthouse,dgitthouse8z@mac.com
978,Annadiane Coughlan,acoughlan90@eepurl.com
26,Hersh Goodsall,hgoodsall91@cloudflare.com
127,Huntley McConigal,hmcconigal92@timesonline.co.uk
789,Clarie Whittock,cwhittock93@forbes.com
102,Shirlene Legg,slegg94@photobucket.com
889,Jocelin McElvine,jmcelvine95@wiley.com
599,Geralda Casa,gcasa96@last.fm
482,Sheffie Shapland,sshapland97@nsw.gov.au
957,Kirsti Lamball,klamball98@ftc.gov
408,Haleigh Butlin,hbutlin99@goo.gl
299,Izabel Sickert,isickert9a@eventbrite.com
748,Jessie Greenrde,jgreenrde9b@pen.io
319,Jeth Junifer,jjunifer9c@goo.ne.jp
619,Dwight Watson,dwatson9d@uol.com.br
805,Melinda Nickols,mnickols9e@go.com
281,Torin McCrea,tmccrea9f@usda.gov
599,Marlyn Yeeles,myeeles9g@altervista.org
191,Haskell Westrey,hwestrey9h@sbwire.com
696,Andonis Gready,agready9i@zdnet.com
433,Natty O'Dyvoy,nodyvoy9j@ucla.edu
307,Carey Feye,cfeye9k@mlb.com
804,Batsheva Listone,blistone9l@businesswire.com
996,Aida Brach,abrach9m@cisco.com
810,Towny Babbidge,tbabbidge9n@t-online.de
17,Gertrudis Emslie,gemslie9o@acquirethisname.com
625,Trudey Pitkaithly,tpitkaithly9p@hp.com
529,Johannes Doumic,jdoumic9q@biglobe.ne.jp
982,Field Backen,fbacken9r@microsoft.com
731,Caressa Wonfor,cwonfor9s@freewebs.com
200,Ban Gulley,bgulley9t@cmu.edu
803,Elenore Spearett,espearett9u@apache.org
255,Rayshell Wildor,rwildor9v@cbsnews.com
226,Boigie Onele,bonele9w@shop-pro.jp
933,Eilis Delamar,edelamar9x@eepurl.com
350,Gard Wooffinden,gwooffinden9y@si.edu
670,Hoyt Stelfox,hstelfox9z@webeden.co.uk
389,Othilie Trowsdall,otrowsdalla0@twitpic.com
863,Lockwood Bendtsen,lbendtsena1@vinaora.com
188,Patience Lorenzo,plorenzoa2@trellian.com
570,Bobina Lumber,blumbera3@usnews.com
958,Nona Sinott,nsinotta4@cdbaby.com
574,Martainn Verry,mverrya5@sfgate.com
961,Bette Kennifeck,bkennifecka6@adobe.com
950,Starlene Danick,sdanicka7@istockphoto.com
564,Taber Fullylove,tfullylovea8@blogger.com
432,Roxanna Finessy,rfinessya9@diigo.com
636,Walt Tebb,wtebbaa@themeforest.net
241,Grant Rydings,grydingsab@ucoz.com
857,Lesley Bridson,lbridsonac@netlog.com
908,Stanleigh Killock,skillockad@uiuc.edu
596,Lowe Ickovits,lickovitsae@springer.com
707,Jada Kneebone,jkneeboneaf@wikia.com
275,Barnaby Gilli,bgilliag@slideshare.net
827,Win O'Growgane,wogrowganeah@instagram.com
651,Wang Smith,wsmithai@smh.com.au
935,Jehu Tedder,jtedderaj@walmart.com
586,Jamil Olufsen,jolufsenak@dailymotion.com
216,Hal Oosthout de Vree,hoosthoutal@macromedia.com
342,Martie Tierney,mtierneyam@patch.com
114,Ottilie Koppeck,okoppeckan@nature.com
917,Monty Zold,mzoldao@shop-pro.jp
709,Doroteya Lyburn,dlyburnap@patch.com
555,Barbara-anne Vagg,bvaggaq@cisco.com
267,Pat Andrys,pandrysar@europa.eu
563,Erinn Lorkings,elorkingsas@weather.com
929,Polly Dorkin,pdorkinat@mozilla.com
395,Burl Gunter,bgunterau@hud.gov
510,Vonny Eads,veadsav@vimeo.com
547,Chrisse Lingard,clingardaw@usa.gov
617,Joseph Safe,jsafeax@netscape.com
541,Dominick Lissandri,dlissandriay@ezinearticles.com
543,Kermie Lavallie,klavallieaz@hhs.gov
318,Aurora Penrice,apenriceb0@desdev.cn
35,Sigfrid Tabart,stabartb1@mac.com
715,Victor Darkins,vdarkinsb2@un.org
551,Matthias Moodie,mmoodieb3@google.it
984,Kaycee Vasichev,kvasichevb4@sun.com
467,Trstram Servante,tservanteb5@webs.com
773,Cullan Colbridge,ccolbridgeb6@europa.eu
738,Randene MacCartney,rmaccartneyb7@over-blog.com
919,Danielle Wessing,dwessingb8@friendfeed.com
924,Karen Soda,ksodab9@intel.com
893,Web Bellocht,wbellochtba@mapquest.com
757,Ariel Sperry,asperrybb@i2i.jp
258,Pooh Adamik,padamikbc@mtv.com
394,Hansiain Batts,hbattsbd@4shared.com
239,Stacee Turnbull,sturnbullbe@aol.com
49,Bjorn Jepp,bjeppbf@artisteer.com
217,Cornelia Gook,cgookbg@desdev.cn
310,Phineas Blunsom,pblunsombh@vk.com
232,Aldo Bew,abewbi@weebly.com
718,Car Mattielli,cmattiellibj@exblog.jp
794,Rhodie Venditto,rvendittobk@fastcompany.com
677,Tad Ksandra,tksandrabl@alibaba.com
88,Garek Cotterill,gcotterillbm@fotki.com
952,Genevieve Louche,glouchebn@dedecms.com
594,Erick Cammis,ecammisbo@reference.com
494,Seward Kix,skixbp@themeforest.net
669,Hiram Matyushonok,hmatyushonokbq@thetimes.co.uk
408,Celia Gartenfeld,cgartenfeldbr@yellowbook.com
96,Tiphanie Nunn,tnunnbs@google.cn
304,Emmy Heading,eheadingbt@shutterfly.com
749,Mile McUre,mmcurebu@lycos.com
733,Sandra Severns,ssevernsbv@forbes.com
964,Norris Matejka,nmatejkabw@usda.gov
89,Samuel Clulee,scluleebx@paginegialle.it
58,Kerr Kayzer,kkayzerby@twitter.com
122,Valaree Silmon,vsilmonbz@shutterfly.com
679,Welch Richardot,wrichardotc0@admin.ch
556,Ogdan Bowcher,obowcherc1@boston.com
883,Pavel Dawidowitz,pdawidowitzc2@yellowbook.com
580,Cody Stockbridge,cstockbridgec3@csmonitor.com
972,Carolyn Pietruszka,cpietruszkac4@over-blog.com
886,Rodie MacQuarrie,rmacquarriec5@dailymotion.com
405,Vonni Stuckes,vstuckesc6@merriam-webster.com
741,Hilly Sarver,hsarverc7@va.gov
494,Horatia Teesdale,hteesdalec8@ebay.com
904,Vassili Chaperling,vchaperlingc9@tmall.com
926,Barbabra Lawdham,blawdhamca@usa.gov
313,Gus Swains,gswainscb@java.com
325,Merwin Cowdery,mcowderycc@salon.com
210,Lorelei Sinnatt,lsinnattcd@comsenz.com
323,Darline Filipczak,dfilipczakce@sakura.ne.jp
746,Willamina Imbrey,wimbreycf@icio.us
103,Janet Ricardot,jricardotcg@nba.com
986,Traver Rosenstiel,trosenstielch@163.com
639,Maynord Philippon,mphilipponci@telegraph.co.uk
517,Niall McFeate,nmcfeatecj@scribd.com
472,Jeffry Titman,jtitmanck@gravatar.com
776,Ardelia Skarin,askarincl@amazon.com
748,Adolf Gummoe,agummoecm@lulu.com
351,Wendall Huyghe,whuyghecn@bravesites.com
624,Lacy Razzell,lrazzellco@harvard.edu
307,Laurianne Howard,lhowardcp@mapquest.com
243,Griff Ishchenko,gishchenkocq@blog.com
469,Carlotta Boice,cboicecr@cloudflare.com
397,Alfie Senecaut,asenecautcs@google.co.jp
992,Britteny Coomber,bcoomberct@icio.us
503,Brandi Hartland,bhartlandcu@blogger.com
410,Judi Leele,jleelecv@newyorker.com
247,Evangelin Stockley,estockleycw@imageshack.us
124,Ibrahim Hendriksen,ihendriksencx@networksolutions.com
432,Bree Foden,bfodency@cnn.com
952,Devina Schimoni,dschimonicz@dagondesign.com
144,Jereme Cornelis,jcornelisd0@buzzfeed.com
232,Melissa Volage,mvolaged1@blogspot.com
431,Sully Dimitresco,sdimitrescod2@ucoz.ru
129,Gottfried Lippini,glippinid3@sun.com
515,Traver Oiller,toillerd4@woothemes.com
637,Mathew Yeude,myeuded5@123-reg.co.uk
298,Jorrie Synnot,jsynnotd6@vimeo.com
49,Willow Plail,wplaild7@adobe.com
737,Urson Lancetter,ulancetterd8@plala.or.jp
386,Leupold Cordsen,lcordsend9@twitpic.com
164,Salomone Adamides,sadamidesda@wikimedia.org
845,Edith Clemetts,eclemettsdb@ezinearticles.com
74,Irene Woodsford,iwoodsforddc@histats.com
984,Consolata Laverty,clavertydd@unicef.org
417,Jinny Rojel,jrojelde@google.com.hk
788,Di Harms,dharmsdf@buzzfeed.com
46,Faustine Ellsom,fellsomdg@state.tx.us
36,Gray Wilsone,gwilsonedh@earthlink.net
582,Brien Jereatt,bjereattdi@wikipedia.org
364,Nanice Senett,nsenettdj@ustream.tv
874,Zacharia Fadell,zfadelldk@addthis.com
327,Verla Moorey,vmooreydl@state.tx.us
762,Rogerio Blazey,rblazeydm@timesonline.co.uk
27,Lane Bartol,lbartoldn@elpais.com
28,Dicky Drohun,ddrohundo@unblog.fr
225,Daphna Nusche,dnuschedp@clickbank.net
653,Tommy Domone,tdomonedq@nifty.com
446,Quintana Dyke,qdykedr@nbcnews.com
38,Retha Atcherley,ratcherleyds@prlog.org
647,Lisette Trelevan,ltrelevandt@indiegogo.com
861,Lynnell Mylechreest,lmylechreestdu@bravesites.com
71,Farrel Wernher,fwernherdv@chronoengine.com
984,Kathe Scamaden,kscamadendw@umich.edu
937,Johanna Eyree,jeyreedx@cargocollective.com
572,Rivy Baulch,rbaulchdy@forbes.com
497,Dusty Pottery,dpotterydz@reuters.com
40,Klara Veltmann,kveltmanne0@mozilla.org
547,Marta Meltetal,mmeltetale1@sfgate.com
194,Shelden McIlwreath,smcilwreathe2@feedburner.com
267,Shell Yanshin,syanshine3@fema.gov
919,Vasily Manueau,vmanueaue4@blinklist.com
426,Raye Bahlmann,rbahlmanne5@networkadvertising.org
893,Dallis Gionettitti,dgionettittie6@umich.edu
590,Mame Johnston,mjohnstone7@deliciousdays.com
501,Damita Garrood,dgarroode8@google.pl
792,Margie Ashwell,mashwelle9@arstechnica.com
115,Abrahan Balf,abalfea@state.gov
530,Corliss Gant,cganteb@technorati.com
622,Mallorie Desquesnes,mdesquesnesec@tumblr.com
420,Jacynth Jelleman,jjellemaned@nbcnews.com
612,Nevile Biner,nbineree@issuu.com
274,Tobye L'Homme,tlhommeef@prweb.com
175,Trudie Giddings,tgiddingseg@meetup.com
545,Corena Vallens,cvallenseh@theatlantic.com
505,Cecilio Goodread,cgoodreadei@usnews.com
132,Donna Le Houx,dleej@unc.edu
771,Naomi Hayller,nhayllerek@plala.or.jp
456,Hollyanne Redhouse,hredhouseel@psu.edu
629,Mavra Coenraets,mcoenraetsem@qq.com
309,Nikoletta Couthard,ncoutharden@rakuten.co.jp
365,Leodora Gossan,lgossaneo@chicagotribune.com
174,Celie Prinne,cprinneep@istockphoto.com
625,Romeo Haslewood,rhaslewoodeq@ycombinator.com
816,Delilah Mustchin,dmustchiner@unblog.fr
945,Carly Soule,csoulees@wordpress.org
581,Lauritz Benedek,lbenedeket@redcross.org
11,Rivkah Lackemann,rlackemanneu@deviantart.com
661,Ulberto Paal,upaalev@lycos.com
438,Mala Wulfinger,mwulfingerew@parallels.com
102,Winifred Stollwerk,wstollwerkex@telegraph.co.uk
117,Marylou Wilkenson,mwilkensoney@storify.com
664,Jojo Lusty,jlustyez@indiegogo.com
103,Fae Wimlett,fwimlettf0@qq.com
679,Mirabel Broxis,mbroxisf1@redcross.org
766,Donni Demare,ddemaref2@nba.com
34,Ketti Lunny,klunnyf3@de.vu
76,Avery Roglieri,aroglierif4@businessweek.com
899,Davine Vaughton,dvaughtonf5@360.cn
194,Miriam Swinburne,mswinburnef6@tripod.com
261,Grannie Amerighi,gamerighif7@bloglovin.com
444,Saunder Westpfel,swestpfelf8@nbcnews.com
670,Marcela Antonovic,mantonovicf9@who.int
810,Nichole Heddan,nheddanfa@go.com
37,Cale Ruggles,crugglesfb@networksolutions.com
395,Latashia Dransfield,ldransfieldfc@engadget.com
680,Sutherlan Peschmann,speschmannfd@phoca.cz
907,Wandis Beake,wbeakefe@netlog.com
695,Waverley Littefair,wlittefairff@tinypic.com
175,Mikol Darville,mdarvillefg@wordpress.com
811,Phaidra Haeslier,phaeslierfh@dailymotion.com
476,Isabeau Gobolos,igobolosfi@earthlink.net
525,Meg Pues,mpuesfj@psu.edu
178,Kittie Moubray,kmoubrayfk@booking.com
82,Christabella Jurczak,cjurczakfl@amazonaws.com
291,Monica Hales,mhalesfm@geocities.com
215,Benetta Coulthart,bcoulthartfn@cafepress.com
395,Gifford McVane,gmcvanefo@macromedia.com
136,Case Androletti,candrolettifp@barnesandnoble.com
238,Baird Myring,bmyringfq@va.gov
789,Paxton Wheway,pwhewayfr@taobao.com
693,Eddy Thridgould,ethridgouldfs@house.gov
371,Dania Brome,dbromeft@yale.edu
327,Carina Goodrich,cgoodrichfu@shinystat.com
621,Shurlock Fisby,sfisbyfv@springer.com
451,Cleon Baddoe,cbaddoefw@engadget.com
42,Herbert Humblestone,hhumblestonefx@virginia.edu
826,Kele Balding,kbaldingfy@techcrunch.com
947,Archaimbaud Waker,awakerfz@yolasite.com
949,Byran Mingauld,bmingauldg0@de.vu
573,Allistir Dominichetti,adominichettig1@vk.com
913,Zea Iacovazzi,ziacovazzig2@sourceforge.net
370,Harper Haseldine,hhaseldineg3@salon.com
816,Delaney Towlson,dtowlsong4@creativecommons.org
697,Benita Quimby,bquimbyg5@upenn.edu
264,Katleen Linggard,klinggardg6@europa.eu
61,Murdock Drewet,mdrewetg7@china.com.cn
79,Vinny Haddon,vhaddong8@storify.com
789,Mario Tomasz,mtomaszg9@bigcartel.com
934,Christin Clarricoates,cclarricoatesga@deviantart.com
691,Gray Andersson,ganderssongb@hubpages.com
815,Ogden Mathivon,omathivongc@stanford.edu
785,Tabor Tuison,ttuisongd@youtube.com
709,Corrinne Bumfrey,cbumfreyge@uiuc.edu
188,Jackie Dionsetti,jdionsettigf@google.cn
979,Vallie Ziemke,vziemkegg@nbcnews.com
895,Fae Elphick,felphickgh@webnode.com
266,Benoite Plan,bplangi@cdbaby.com
10,Roderic Habin,rhabingj@who.int
145,Consuela Gavrielli,cgavrielligk@newsvine.com
297,Donalt Krolak,dkrolakgl@sbwire.com
425,Junia Biggs,jbiggsgm@homestead.com
41,Edouard Reagan,ereagangn@blinklist.com
481,Shayne Bartalucci,sbartaluccigo@mlb.com
487,Cosme Burniston,cburnistongp@ezinearticles.com
970,Westbrook Ferreri,wferrerigq@dedecms.com
648,Dov Larvin,dlarvingr@behance.net
309,Kimmie Endrizzi,kendrizzigs@sohu.com
214,Jacintha Anyon,janyongt@sogou.com
124,Morly Schmuhl,mschmuhlgu@simplemachines.org
70,Tania Winterburn,twinterburngv@quantcast.com
363,Hestia Feehely,hfeehelygw@blogger.com
119,Padraic Aughtie,paughtiegx@privacy.gov.au
732,Bartie Sreenan,bsreenangy@aol.com
972,Deeann Siddall,dsiddallgz@china.com.cn
600,Gerhardt Wilne,gwilneh0@ocn.ne.jp
154,Vanessa Banane,vbananeh1@time.com
956,Kesley Southernwood,ksouthernwoodh2@theatlantic.com
307,Gregg Asmus,gasmush3@ibm.com
177,Rafaello Agge,raggeh4@soundcloud.com
627,Ellery Bezemer,ebezemerh5@mayoclinic.com
349,Nathalie Bartod,nbartodh6@examiner.com
773,Sloan Coucher,scoucherh7@skyrock.com
53,Neal Heffy,nheffyh8@wordpress.org
273,Naomi Corbin,ncorbinh9@ucoz.ru
901,Heall Sheaber,hsheaberha@independent.co.uk
338,Ado Benasik,abenasikhb@purevolume.com
109,Chickie Satterly,csatterlyhc@networksolutions.com
804,Heidie Leakner,hleaknerhd@amazon.de
86,Aldridge Monteith,amonteithhe@twitter.com
635,Maryellen Powner,mpownerhf@g.co
347,Waring Mash,wmashhg@google.ca
510,Raffarty Bigland,rbiglandhh@istockphoto.com
574,Mellicent Hanhardt,mhanhardthi@ning.com
284,Cary Grene,cgrenehj@harvard.edu
924,Alys Sudworth,asudworthhk@chicagotribune.com
207,Thorin Southwood,tsouthwoodhl@census.gov
351,Federico Pavolini,fpavolinihm@ning.com
601,Emmalynne Cogger,ecoggerhn@canalblog.com
637,Ashby Cudiff,acudiffho@issuu.com
602,Robenia Raspin,rraspinhp@dagondesign.com
181,Filippa Megarrell,fmegarrellhq@ibm.com
853,Marcel Heinschke,mheinschkehr@uol.com.br
248,Kevon Lynskey,klynskeyhs@deliciousdays.com
248,Jecho Clemens,jclemensht@techcrunch.com
338,Ettie Maxweell,emaxweellhu@photobucket.com
84,Lynnette Bellwood,lbellwoodhv@forbes.com
1,Kaela Mizzi,kmizzihw@histats.com
429,Koralle Couch,kcouchhx@businessinsider.com
527,Jolee Hellmore,jhellmorehy@amazonaws.com
91,Robinet Larkings,rlarkingshz@seesaa.net
70,Alvira Worgen,aworgeni0@icio.us
911,Korie Tallet,ktalleti1@engadget.com
346,Miner Calderonello,mcalderonelloi2@w3.org
75,Sibylla Buston,sbustoni3@wp.com
126,Ced Cowsby,ccowsbyi4@salon.com
67,Gabi Kiffe,gkiffei5@google.de
354,Tootsie Sysland,tsyslandi6@feedburner.com
572,Jammie Aslett,jasletti7@networkadvertising.org
286,Sheree McCrackem,smccrackemi8@nyu.edu
660,Demetra Zotto,dzottoi9@wsj.com
35,Roxanna Graddell,rgraddellia@qq.com
770,Leoline Leipnik,lleipnikib@microsoft.com
622,Jami Chill,jchillic@sbwire.com
93,Nola Telega,ntelegaid@hibu.com
273,Petr Durward,pdurwardie@netscape.com
52,Bryce Belfelt,bbelfeltif@hexun.com
510,Llywellyn Skipper,lskipperig@ifeng.com
67,Cirstoforo Dyers,cdyersih@slideshare.net
579,Teodorico Gravie,tgravieii@google.ca
730,Kyle Chiverton,kchivertonij@dagondesign.com
917,Karyl Mateiko,kmateikoik@google.de
882,Remy Rigardeau,rrigardeauil@wordpress.com
179,Waneta Shepard,wshepardim@pen.io
384,Andria Spridgeon,aspridgeonin@army.mil
961,Burnard Siddeley,bsiddeleyio@adobe.com
970,Hermie Matchitt,hmatchittip@time.com
152,Sharai Boothebie,sboothebieiq@census.gov
353,Gusella Dobrovsky,gdobrovskyir@microsoft.com
974,Gusti Devonish,gdevonishis@nydailynews.com
11,Emmalynn Girault,egiraultit@artisteer.com
217,Hamish Parkhouse,hparkhouseiu@craigslist.org
401,Frants Jemison,fjemisoniv@mozilla.org
273,Andie Fraschini,afraschiniiw@yahoo.co.jp
869,Jobey Stockall,jstockallix@chronoengine.com
500,Reena Olyfant,rolyfantiy@intel.com
222,Florenza Le Brun,fleiz@icq.com
517,Hakeem Anthes,hanthesj0@facebook.com
210,Jordan Pischel,jpischelj1@state.gov
587,Sheila-kathryn Frill,sfrillj2@addthis.com
918,Olenolin Buse,obusej3@4shared.com
151,Mellisa Bantham,mbanthamj4@tmall.com
135,Henrieta Shave,hshavej5@amazon.com
903,Dougie Gritton,dgrittonj6@alexa.com
607,Yehudit Northway,ynorthwayj7@com.com
208,Corby Puig,cpuigj8@businessinsider.com
910,Huberto Rubert,hrubertj9@ifeng.com
250,Leonelle Statton,lstattonja@newyorker.com
414,Glenden Mellanby,gmellanbyjb@state.gov
936,Gerri Sandiland,gsandilandjc@acquirethisname.com
778,Donovan Prescot,dprescotjd@spotify.com
695,Mitchel Auchinleck,mauchinleckje@wunderground.com
736,Llewellyn Honack,lhonackjf@economist.com
471,Genevieve Frobisher,gfrobisherjg@ihg.com
198,Marielle Epperson,meppersonjh@wiley.com
726,Van Chevins,vchevinsji@amazon.de
809,Aubert Tejero,atejerojj@scribd.com
881,Catharine Gilardi,cgilardijk@google.nl
939,Erin Martinetto,emartinettojl@sciencedirect.com
683,Janella Desvignes,jdesvignesjm@over-blog.com
486,Eldin Kikke,ekikkejn@netscape.com
102,Godwin Lamberton,glambertonjo@bbc.co.uk
48,Barbara Golborne,bgolbornejp@irs.gov
579,Ardyth Cornau,acornaujq@stumbleupon.com
369,Town Nairy,tnairyjr@auda.org.au
627,Jo-ann Stygall,jstygalljs@seesaa.net
478,Ax Glusby,aglusbyjt@blogtalkradio.com
358,Charlean Blackden,cblackdenju@linkedin.com
812,Sig Cratere,scraterejv@ucoz.com
762,Lynelle Woffinden,lwoffindenjw@fda.gov
991,Karmen Palfreyman,kpalfreymanjx@huffingtonpost.com
26,Bren McWilliams,bmcwilliamsjy@blogger.com
374,Saxe Reilingen,sreilingenjz@cnbc.com
25,Gilberto Howson,ghowsonk0@deliciousdays.com
332,Brandy Piccop,bpiccopk1@addtoany.com
818,Norbert Gudgeon,ngudgeonk2@ifeng.com
545,Grantham Clopton,gcloptonk3@istockphoto.com
555,Reeba Jeanneau,rjeanneauk4@msn.com
525,Delinda Mingus,dmingusk5@ucoz.com
25,Mirabella Harrisson,mharrissonk6@arstechnica.com
719,Conrade Lukash,clukashk7@washingtonpost.com
917,Meredith O'Moylane,momoylanek8@wordpress.org
289,Jeffry Lisimore,jlisimorek9@angelfire.com
179,Sigismondo Hewell,shewellka@delicious.com
343,Robinia Ivermee,rivermeekb@studiopress.com
68,Darsey Condy,dcondykc@statcounter.com
893,Durant Chaffyn,dchaffynkd@photobucket.com
529,Dagmar Longhurst,dlonghurstke@unblog.fr
440,Duff Simcoe,dsimcoekf@comcast.net
198,Elroy Arnaldy,earnaldykg@alibaba.com
736,Gifford Metcalfe,gmetcalfekh@marketwatch.com
689,Sheeree Huckel,shuckelki@newsvine.com
14,Deonne Claeskens,dclaeskenskj@sakura.ne.jp
606,Cherise Sebastian,csebastiankk@usatoday.com
535,Chandal Tossell,ctossellkl@1688.com
857,Roslyn Charley,rcharleykm@ebay.com
202,Itch Liddyard,iliddyardkn@mac.com
819,Marjy Ambrosoni,mambrosoniko@newsvine.com
816,Nate Tizard,ntizardkp@webnode.com
102,Dudley Deny,ddenykq@howstuffworks.com
147,Paola Dimelow,pdimelowkr@amazon.co.uk
91,Dan Strathman,dstrathmanks@amazonaws.com
993,Viole Wooderson,vwoodersonkt@yellowbook.com
387,Delores Stearn,dstearnku@pen.io
53,Ches Whytock,cwhytockkv@yelp.com
978,Beale Cowhig,bcowhigkw@google.pl
53,Sauncho Tuke,stukekx@businesswire.com
460,Edouard Keller,ekellerky@seesaa.net
691,Armin Caddie,acaddiekz@imgur.com
54,Willem Dysart,wdysartl0@youtube.com
426,Ardella Gerritsma,agerritsmal1@spotify.com
850,Ernesta Blakiston,eblakistonl2@nbcnews.com
37,Consuela Freebury,cfreeburyl3@cargocollective.com
681,Maryanne Gland,mglandl4@desdev.cn
119,Terri Godbolt,tgodboltl5@salon.com
481,Estrellita Flaxon,eflaxonl6@oakley.com
648,Saudra Kennelly,skennellyl7@nyu.edu
843,Brigitte Smedley,bsmedleyl8@mit.edu
858,Lona Poller,lpollerl9@cloudflare.com
635,Wilhelmina Knath,wknathla@miitbeian.gov.cn
700,Kelvin Szymoni,kszymonilb@hao123.com
473,Sauncho Benbow,sbenbowlc@sbwire.com
754,Rance Haggarty,rhaggartyld@angelfire.com
566,Jayne Blakeman,jblakemanle@xinhuanet.com
86,Christoffer Sunter,csunterlf@marriott.com
520,Jennilee Sharrard,jsharrardlg@cbc.ca
819,Debera O'Regan,doreganlh@toplist.cz
296,Noelyn Pavitt,npavittli@google.it
248,Othilia Birrell,obirrelllj@ehow.com
746,Jojo Tansill,jtansilllk@cnbc.com
614,Monroe Duncanson,mduncansonll@cpanel.net
197,Pearce Zottoli,pzottolilm@t-online.de
528,Jourdan Beesley,jbeesleyln@tumblr.com
159,Langsdon Bolens,lbolenslo@fema.gov
823,Petronilla McElane,pmcelanelp@google.fr
502,Henderson Whyte,hwhytelq@salon.com
79,Ainslee Harbar,aharbarlr@fotki.com
279,Stanislas Bondley,sbondleyls@smh.com.au
673,Anestassia Yeskin,ayeskinlt@ebay.co.uk
862,Elinor Janoschek,ejanoscheklu@businessinsider.com
793,Urbanus Simes,usimeslv@g.co
220,Cora Scade,cscadelw@google.es
586,Elinor Tyght,etyghtlx@chron.com
813,Keene Couvet,kcouvetly@wired.com
800,Cam Seagar,cseagarlz@go.com
865,Wat Lacey,wlaceym0@hao123.com
81,Egon Rand,erandm1@yahoo.com
296,Nixie Fareweather,nfareweatherm2@newsvine.com
822,Codi Elleyne,celleynem3@nps.gov
719,Maddi Navarijo,mnavarijom4@bandcamp.com
997,Harriette Mee,hmeem5@goo.gl
34,Cynthie Bamber,cbamberm6@tamu.edu
116,Gale Baudinet,gbaudinetm7@smugmug.com
693,Marlena Grimsdell,mgrimsdellm8@mail.ru
605,Candice Permain,cpermainm9@nationalgeographic.com
116,Welbie Zanuciolii,wzanucioliima@desdev.cn
441,Terri Earsman,tearsmanmb@phpbb.com
528,Marcos Spinelli,mspinellimc@redcross.org
621,Harland McKenney,hmckenneymd@nytimes.com
262,Susanetta Puddefoot,spuddefootme@abc.net.au
158,Gram Ayrs,gayrsmf@marketwatch.com
502,Alfie Fader,afadermg@gmpg.org
152,Carlye Kuzemka,ckuzemkamh@imdb.com
686,Aloin Piggin,apigginmi@canalblog.com
756,Isak Jerred,ijerredmj@fc2.com
768,Jeanna MacElane,jmacelanemk@cisco.com
527,Marsh Bowe,mboweml@guardian.co.uk
558,Derry Jurczak,djurczakmm@sourceforge.net
823,Berny Jurries,bjurriesmn@netscape.com
450,Timmy MacCracken,tmaccrackenmo@globo.com
190,Brody Mussared,bmussaredmp@buzzfeed.com
266,Ludovika Cockcroft,lcockcroftmq@accuweather.com
429,Sampson Eichmann,seichmannmr@nhs.uk
901,Jocko Wodeland,jwodelandms@psu.edu
466,Augusta Nettleship,anettleshipmt@redcross.org
110,Terza Antognozzii,tantognozziimu@51.la
792,Alaster Gumbrell,agumbrellmv@typepad.com
958,Emmalee O'Carrol,eocarrolmw@w3.org
722,Rhona Heaford,rheafordmx@dion.ne.jp
605,Herve Gentry,hgentrymy@si.edu
953,Egbert Dunthorne,edunthornemz@redcross.org
591,Virgie Wasielewski,vwasielewskin0@joomla.org
998,Bertrand Thoumasson,bthoumassonn1@aboutads.info
899,Chloette Bahike,cbahiken2@nasa.gov
949,Dolli Eastwell,deastwelln3@comcast.net
952,Peri Gale,pgalen4@chronoengine.com
125,Sloan Curgenven,scurgenvenn5@cisco.com
105,Ase Abramamovh,aabramamovhn6@last.fm
529,Lola Berardt,lberardtn7@cloudflare.com
325,Giustino Charrett,gcharrettn8@cornell.edu
133,Neale Howarth,nhowarthn9@dmoz.org
665,Dione Leist,dleistna@sourceforge.net
303,Marta Ianelli,mianellinb@cbslocal.com
181,Lulu Alberts,lalbertsnc@statcounter.com
434,Rubina Nolleau,rnolleaund@salon.com
266,Zachery Sked,zskedne@economist.com
784,Karita O'Boyle,koboylenf@businessweek.com
947,Quent Graine,qgraineng@cbc.ca
361,Sibelle Buffy,sbuffynh@cam.ac.uk
901,Mikey Kinane,mkinaneni@sciencedaily.com
72,Robers Arnely,rarnelynj@vinaora.com
597,Lee Fitton,lfittonnk@live.com
309,Rozalie Richings,rrichingsnl@is.gd
643,Mauricio Haney,mhaneynm@cmu.edu
935,Amandi Waadenburg,awaadenburgnn@csmonitor.com
354,Blaine Stogill,bstogillno@alexa.com
928,Conrad Mattityahou,cmattityahounp@vistaprint.com
240,Orv Crumbie,ocrumbienq@tumblr.com
153,Alvinia Franzotto,afranzottonr@chicagotribune.com
691,Avrom Manilo,amanilons@weather.com
887,Ashlee Noods,anoodsnt@upenn.edu
396,Felita Martensen,fmartensennu@ning.com
236,Henka de Savery,hdenv@yahoo.com
609,Sheffie Peach,speachnw@ebay.co.uk
980,Margarette Greatbank,mgreatbanknx@youku.com
799,Ivan Munro,imunrony@google.com.au
69,Barny Hawksworth,bhawksworthnz@gravatar.com
465,Alain Bontine,abontineo0@salon.com
672,Caren Swyer,cswyero1@weibo.com
109,Iorgos Lofty,iloftyo2@squarespace.com
496,Tamqrah Prinne,tprinneo3@free.fr
364,Cher Fitchell,cfitchello4@so-net.ne.jp
848,Flynn Eastby,feastbyo5@jalbum.net
282,Doti Baynon,dbaynono6@vinaora.com
31,Claiborne Alelsandrowicz,calelsandrowiczo7@vistaprint.com
53,Germayne Uglow,guglowo8@ucoz.ru
546,Christabel Clouter,ccloutero9@com.com
109,Jobye Witterick,jwitterickoa@icio.us
473,Mellie Nealand,mnealandob@123-reg.co.uk
755,Devondra Knoble,dknobleoc@netscape.com
529,Waneta Baltrushaitis,wbaltrushaitisod@so-net.ne.jp
203,Colette Leishman,cleishmanoe@cmu.edu
400,Eudora Dolden,edoldenof@about.me
255,Lucila Stears,lstearsog@aboutads.info
609,Liz Novacek,lnovacekoh@cpanel.net
919,Nolie Strover,nstroveroi@comcast.net
432,Shanie Trouel,stroueloj@chron.com
629,Sigmund Blanc,sblancok@ibm.com
705,Lurleen Bru,lbruol@lulu.com
114,Llywellyn Selbie,lselbieom@wikia.com
816,Jared Eathorne,jeathorneon@hud.gov
140,Elizabeth Kamen,ekamenoo@imdb.com
405,Derrick Mayor,dmayorop@sakura.ne.jp
42,Jakob Taudevin,jtaudevinoq@theglobeandmail.com
902,Minerva Lally,mlallyor@dell.com
101,Teodoro Gill,tgillos@goodreads.com
562,Barr Legerton,blegertonot@ifeng.com
882,Marsha Livermore,mlivermoreou@chron.com
821,Rose Long,rlongov@scribd.com
306,Sibella Lawday,slawdayow@army.mil
77,Violet Antonoyev,vantonoyevox@bluehost.com
998,Jemie Adamiec,jadamiecoy@yahoo.com
963,Charmane Fewtrell,cfewtrelloz@independent.co.uk
317,Prince Gamlyn,pgamlynp0@histats.com
515,Esmaria Aphale,eaphalep1@shop-pro.jp
467,Toinette Vaux,tvauxp2@bigcartel.com
932,Belle Mingardi,bmingardip3@alibaba.com
202,Demeter Orleton,dorletonp4@google.pl
178,Caryl Daintry,cdaintryp5@usatoday.com
755,Cristal Heijnen,cheijnenp6@i2i.jp
184,Kerri Skirlin,kskirlinp7@booking.com
177,Lesya Fishburn,lfishburnp8@gravatar.com
232,Lester Maud,lmaudp9@vimeo.com
533,Regan Dornin,rdorninpa@taobao.com
574,Harry O'Sculley,hosculleypb@google.pl
641,Emanuel Roston,erostonpc@macromedia.com
910,Sheela Jessard,sjessardpd@aboutads.info
772,Crissy Shetliff,cshetliffpe@nba.com
495,Sigismund Guwer,sguwerpf@toplist.cz
794,Florence Cona,fconapg@blinklist.com
765,Pail Dommerque,pdommerqueph@prnewswire.com
160,Colet Murrells,cmurrellspi@w3.org
562,Brit Caldecott,bcaldecottpj@networkadvertising.org
489,Kakalina Zemler,kzemlerpk@sphinn.com
952,Devora Costan,dcostanpl@sohu.com
56,Walsh Garfirth,wgarfirthpm@yandex.ru
445,Danila Waples,dwaplespn@senate.gov
974,Kane Brownill,kbrownillpo@acquirethisname.com
631,Lauryn Lightbourne,llightbournepp@miitbeian.gov.cn
433,Flora Bernhart,fbernhartpq@cnet.com
669,Nancy Sterre,nsterrepr@newsvine.com
633,Hans Erswell,herswellps@shutterfly.com
722,Cathi McVeigh,cmcveighpt@usda.gov
110,Tuesday De Paepe,tdepu@about.com
407,Hilliary Stolting,hstoltingpv@reverbnation.com
888,Sileas Pickworth,spickworthpw@amazon.co.jp
759,Leonard Dutt,lduttpx@vk.com
932,Corby Franzini,cfranzinipy@squarespace.com
53,Floyd Keaves,fkeavespz@123-reg.co.uk
706,Nil Symmons,nsymmonsq0@foxnews.com
483,Debee Lensch,dlenschq1@home.pl
939,Pauli Mawford,pmawfordq2@auda.org.au
104,Tara Campion,tcampionq3@oracle.com
522,Link Amaya,lamayaq4@nbcnews.com
18,Burke Constantinou,bconstantinouq5@bbb.org
852,Doralynn Noquet,dnoquetq6@adobe.com
644,Bobine Gairdner,bgairdnerq7@ucoz.com
596,Fionna Chrippes,fchrippesq8@comcast.net
693,Hart Kempe,hkempeq9@jalbum.net
762,Emelia Symcoxe,esymcoxeqa@china.com.cn
521,Cloris Heeney,cheeneyqb@ft.com
662,Clary Shafe,cshafeqc@answers.com
840,Hugibert Listone,hlistoneqd@google.de
477,Pip Kumaar,pkumaarqe@shutterfly.com
446,Linnea Brophy,lbrophyqf@dropbox.com
283,Martyn Dorrins,mdorrinsqg@google.co.jp
71,Crystie Dadswell,cdadswellqh@barnesandnoble.com
934,Joellyn Mandy,jmandyqi@auda.org.au
545,Alasdair Einchcombe,aeinchcombeqj@disqus.com
706,Siegfried Camocke,scamockeqk@icq.com
362,Lilith Harkins,lharkinsql@narod.ru
827,Rosetta Philson,rphilsonqm@webnode.com
290,Price Gaw,pgawqn@spiegel.de
737,Ramsey Limer,rlimerqo@cnn.com
330,Neill Hastler,nhastlerqp@sitemeter.com
481,Allen Trytsman,atrytsmanqq@businesswire.com
820,Martainn Cornelis,mcornelisqr@tiny.cc
698,Marya Rabson,mrabsonqs@rambler.ru
988,Fawnia Dayce,fdayceqt@eventbrite.com
506,Zilvia Biggin,zbigginqu@github.com
376,Lyn Batterton,lbattertonqv@de.vu
670,Jaclin Enrrico,jenrricoqw@tinyurl.com
505,Kerry Ivantyev,kivantyevqx@instagram.com
104,Colleen Melmeth,cmelmethqy@hud.gov
952,Mandi Dibnah,mdibnahqz@nature.com
509,Anatola Blaney,ablaneyr0@weebly.com
415,Nonna Limon,nlimonr1@columbia.edu
913,Drew Feighry,dfeighryr2@soup.io
57,Mayne Swin,mswinr3@auda.org.au
729,Craggie Starkey,cstarkeyr4@paginegialle.it
757,Brooks Beaten,bbeatenr5@hud.gov
881,Elle Hinrichsen,ehinrichsenr6@ezinearticles.com
667,Eben Alaway,ealawayr7@cdbaby.com
497,Kaleena Lyptratt,klyptrattr8@wisc.edu
597,Catherina Ferns,cfernsr9@cafepress.com
365,Raffarty Perot,rperotra@so-net.ne.jp
720,Marlo Enocksson,menockssonrb@scientificamerican.com
677,Tatiana Hewes,thewesrc@rediff.com
970,Jake Strodder,jstrodderrd@eventbrite.com
409,Casie Buswell,cbuswellre@about.me
625,Jany Callis,jcallisrf@msu.edu
236,Duane Iffland,difflandrg@furl.net
665,Earl Greenlies,egreenliesrh@cargocollective.com
6,Janeczka Truitt,jtruittri@edublogs.org
898,Lonnie Simoneton,lsimonetonrj@japanpost.jp
911,Lorin Harman,lharmanrk@phoca.cz
760,Jarred Fuxman,jfuxmanrl@whitehouse.gov
635,Hertha Kensley,hkensleyrm@mapquest.com
666,Claresta Brandino,cbrandinorn@artisteer.com
160,Guthrey Matherson,gmathersonro@vinaora.com
768,Nara Maharey,nmahareyrp@ft.com
10,Elyssa MacAllister,emacallisterrq@wired.com
748,Trey Crut,tcrutrr@house.gov
