SupplierID,SupplierName,SupplierEmail
415,Gabriell Pendergrast,gpendergrast0@51.la
891,Gradey Simecek,gsimecek1@flickr.com
881,Brennen Wortt,bwortt2@google.nl
726,Alasdair Cowgill,acowgill3@irs.gov
897,Judas Boggas,jboggas4@dailymail.co.uk
417,Annemarie Ablett,aablett5@etsy.com
610,Wood Godilington,wgodilington6@engadget.com
743,Judd Gepson,jgepson7@exblog.jp
520,Cletis Mercy,cmercy8@go.com
981,Ramon Leetham,rleetham9@nih.gov
719,Chaddy Loverock,cloverocka@wikipedia.org
277,Harlan MacKall,hmackallb@vinaora.com
633,Terese Downs,tdownsc@dedecms.com
377,Jeralee Staynes,jstaynesd@wikispaces.com
15,Costanza Ferreira,cferreirae@nba.com
635,Willy Thorneloe,wthorneloef@bloglines.com
186,Avictor Brooksbie,abrooksbieg@answers.com
902,Hamish Nassi,hnassih@devhub.com
950,Sandy Predohl,spredohli@t.co
911,Krishna Chitter,kchitterj@chronoengine.com
977,Crystal Comellini,ccomellinik@deliciousdays.com
906,Isabelle Mandrier,imandrierl@feedburner.com
793,Ariana Palethorpe,apalethorpem@amazon.de
90,Sybyl Powdrill,spowdrilln@harvard.edu
261,Booth Bryers,bbryerso@devhub.com
11,Ware Ellingsworth,wellingsworthp@google.co.uk
252,Jacinta Munden,jmundenq@parallels.com
476,Alphonse MacLeod,amacleodr@networkadvertising.org
992,Bogey Lettuce,blettuces@jiathis.com
463,Taffy Stockle,tstocklet@nature.com
823,Kimberlyn Barks,kbarksu@apple.com
945,Lucille Gernier,lgernierv@shareasale.com
952,Fanechka McCloughlin,fmccloughlinw@cnn.com
602,Casey Lafay,clafayx@nbcnews.com
235,Norma Costar,ncostary@uiuc.edu
641,Merrill McCafferty,mmccaffertyz@twitter.com
922,Cally Lindenfeld,clindenfeld10@apple.com
576,Glenn Sleith,gsleith11@admin.ch
629,Mariam Pendrill,mpendrill12@smugmug.com
680,Dino Mallabone,dmallabone13@cnn.com
858,Neil Knock,nknock14@apple.com
864,Mel McBay,mmcbay15@google.de
703,Marylou Gerrietz,mgerrietz16@loc.gov
37,Mureil Mc Curlye,mmc17@yolasite.com
73,Ricardo Padbury,rpadbury18@ocn.ne.jp
495,Carlynne Bernardt,cbernardt19@accuweather.com
54,Kellby Dunderdale,kdunderdale1a@ft.com
651,Lynda Connelly,lconnelly1b@wikia.com
130,Celisse Baughen,cbaughen1c@loc.gov
642,Bert Mc Carroll,bmc1d@gmpg.org
783,Sara-ann Neilan,sneilan1e@reuters.com
93,Katine Luca,kluca1f@google.es
250,Mathew McWilliam,mmcwilliam1g@ox.ac.uk
4,Pryce McCrum,pmccrum1h@wordpress.com
9,Johnathon Ripping,jripping1i@google.es
271,Omero Thurske,othurske1j@intel.com
202,Jedediah Lovat,jlovat1k@guardian.co.uk
767,Hendrick Danskine,hdanskine1l@usa.gov
680,Sydel Meak,smeak1m@storify.com
303,Aleta Alldis,aalldis1n@reverbnation.com
726,Allx Brownhill,abrownhill1o@uol.com.br
388,Verine Hounihan,vhounihan1p@trellian.com
751,Lucy Caberas,lcaberas1q@twitter.com
949,Barnard Mablestone,bmablestone1r@topsy.com
836,Zsa zsa Benallack,zzsa1s@whitehouse.gov
688,Alphard Audibert,aaudibert1t@mit.edu
897,Lonee Knudsen,lknudsen1u@mtv.com
184,Lauri Tellenbrok,ltellenbrok1v@google.it
828,Grace Follett,gfollett1w@senate.gov
975,Mahmoud Haskew,mhaskew1x@mail.ru
873,Audi Maplesden,amaplesden1y@artisteer.com
62,Alicia Clancy,aclancy1z@ca.gov
673,Carley MacAne,cmacane20@alibaba.com
7,Brewer Ferrillio,bferrillio21@youku.com
987,Ramsey Sheard,rsheard22@wordpress.com
577,Yardley Zmitruk,yzmitruk23@csmonitor.com
275,Lizzy Westwell,lwestwell24@spotify.com
696,Wakefield Lotherington,wlotherington25@google.com.hk
358,Josefa Portt,jportt26@mac.com
77,Evonne Donisthorpe,edonisthorpe27@github.io
639,Morty Frail,mfrail28@wikia.com
758,Brnaby Stoving,bstoving29@census.gov
413,Mead Driffill,mdriffill2a@shutterfly.com
345,Celine Konneke,ckonneke2b@netscape.com
381,Gamaliel Ballentime,gballentime2c@mediafire.com
318,Ayn Martinson,amartinson2d@howstuffworks.com
475,Irv Gabel,igabel2e@free.fr
105,Hernando Bullus,hbullus2f@istockphoto.com
454,Cliff Gelly,cgelly2g@liveinternet.ru
907,Shamus Nijssen,snijssen2h@webnode.com
686,Margette Anderton,manderton2i@aboutads.info
314,Spike Klementz,sklementz2j@ustream.tv
958,Colman Spurdens,cspurdens2k@ebay.co.uk
431,Dorisa Ayres,dayres2l@boston.com
142,Rona Menezes,rmenezes2m@time.com
535,West Clee,wclee2n@mtv.com
985,Lindsay Cruikshanks,lcruikshanks2o@mac.com
504,Marwin Silcox,msilcox2p@jugem.jp
391,Salomon Grewe,sgrewe2q@europa.eu
774,Rhys Fardon,rfardon2r@sfgate.com
628,Ertha Pitblado,epitblado2s@networksolutions.com
298,Wally Mc Gee,wmc2t@shop-pro.jp
911,Nessy Shipley,nshipley2u@toplist.cz
470,Julie Lambal,jlambal2v@mozilla.com
120,Erny Aizkovitch,eaizkovitch2w@vimeo.com
995,Loreen Ickeringill,lickeringill2x@cnn.com
837,Pepita Sehorsch,psehorsch2y@ebay.co.uk
906,Webster Celli,wcelli2z@barnesandnoble.com
196,Emmerich Stockey,estockey30@nih.gov
343,Nev Dredge,ndredge31@house.gov
92,Emalia Stieger,estieger32@behance.net
416,Arnuad Sheehan,asheehan33@sakura.ne.jp
464,Ancell Gyde,agyde34@myspace.com
652,Evie Langelay,elangelay35@icq.com
608,Delmore Andrzej,dandrzej36@examiner.com
901,Lesley Trulock,ltrulock37@japanpost.jp
641,Kippar Ciccotto,kciccotto38@theguardian.com
928,Shina Brechin,sbrechin39@example.com
307,Ronnie Neave,rneave3a@rediff.com
676,Gae Matevosian,gmatevosian3b@whitehouse.gov
184,Nelly Oxlee,noxlee3c@cisco.com
34,Oswell Gaudon,ogaudon3d@opera.com
885,Munroe Southouse,msouthouse3e@tinyurl.com
755,Mirilla Slinn,mslinn3f@yandex.ru
478,Reggie English,renglish3g@hatena.ne.jp
373,Jocelin Swinn,jswinn3h@fc2.com
385,Lorettalorna Meineck,lmeineck3i@geocities.jp
719,Stinky Halleybone,shalleybone3j@51.la
855,Patti Kleynermans,pkleynermans3k@cyberchimps.com
162,Ralph Wolfart,rwolfart3l@mysql.com
274,Shaylyn Jakubovits,sjakubovits3m@quantcast.com
323,Jerrold Stubbington,jstubbington3n@quantcast.com
607,Larine Foldes,lfoldes3o@booking.com
926,Torrey Hazeldene,thazeldene3p@phoca.cz
992,Harlene Howat,hhowat3q@noaa.gov
1,Lou Stigell,lstigell3r@cocolog-nifty.com
990,Kerry Roizin,kroizin3s@time.com
199,Fina Barnfield,fbarnfield3t@globo.com
942,Kinny Ucceli,kucceli3u@ed.gov
840,Stephine Birley,sbirley3v@dmoz.org
690,Demott Davys,ddavys3w@4shared.com
828,Elden Vallender,evallender3x@ibm.com
866,Ezra Allright,eallright3y@google.com.hk
286,Astrix Bearne,abearne3z@123-reg.co.uk
858,Phelia Crowden,pcrowden40@jimdo.com
272,Jehu Strangeway,jstrangeway41@accuweather.com
595,Alexa South,asouth42@foxnews.com
620,Rolando Savin,rsavin43@earthlink.net
153,Leopold Lovie,llovie44@booking.com
663,Lia Cowherd,lcowherd45@scientificamerican.com
820,Honor Scrimshire,hscrimshire46@msu.edu
625,Mada Stamper,mstamper47@nationalgeographic.com
352,Barney Libreros,blibreros48@mit.edu
483,Franny Braunter,fbraunter49@g.co
601,Jasmin Hayward,jhayward4a@a8.net
761,Pauletta Scramage,pscramage4b@acquirethisname.com
51,Kara-lynn Philler,kphiller4c@hao123.com
630,Maxi Eagle,meagle4d@boston.com
586,Cly Raddish,craddish4e@gov.uk
906,Angeline Podd,apodd4f@fotki.com
976,Dannye Saunders,dsaunders4g@blogtalkradio.com
310,Sheree Himpson,shimpson4h@instagram.com
848,Svend Gumb,sgumb4i@ucoz.ru
927,Lucias De-Ville,ldeville4j@ycombinator.com
565,Pavlov Keller,pkeller4k@msn.com
339,Nesta Philpots,nphilpots4l@storify.com
326,Garek Eckert,geckert4m@oakley.com
986,Welbie De Lisle,wde4n@who.int
433,Monique Arton,marton4o@abc.net.au
96,Aleta Bartaloni,abartaloni4p@sourceforge.net
352,Vladamir Lamswood,vlamswood4q@bbc.co.uk
946,Elmer Yelland,eyelland4r@goodreads.com
157,Patrice Casiero,pcasiero4s@ebay.co.uk
285,Van Grunnill,vgrunnill4t@shareasale.com
162,Seward O'Tierney,sotierney4u@simplemachines.org
89,Evie Greatex,egreatex4v@noaa.gov
854,Ruthie Bondesen,rbondesen4w@house.gov
536,Kearney Troy,ktroy4x@bbc.co.uk
453,Byram Handscombe,bhandscombe4y@vistaprint.com
999,Janos Shew,jshew4z@freewebs.com
772,Zitella Krolle,zkrolle50@europa.eu
718,Tadd Sexten,tsexten51@independent.co.uk
632,Karol Murgatroyd,kmurgatroyd52@scribd.com
531,Gustave Kose,gkose53@vk.com
123,Matelda Greiswood,mgreiswood54@opera.com
677,Minta Whyke,mwhyke55@bizjournals.com
65,Gisella Gilks,ggilks56@ameblo.jp
198,Waylan Squire,wsquire57@tinypic.com
378,Quinn Wedgwood,qwedgwood58@wikipedia.org
643,Karlen Roder,kroder59@economist.com
807,Martie Macartney,mmacartney5a@unicef.org
304,Stefano Llorens,sllorens5b@sina.com.cn
97,Ellery O'Riordan,eoriordan5c@google.com.au
397,Yorke Sprouls,ysprouls5d@paginegialle.it
48,Thomasin Brummitt,tbrummitt5e@businessweek.com
115,Ninnetta Rehn,nrehn5f@chicagotribune.com
244,Nalani Adel,nadel5g@businessweek.com
696,Dasha Nathan,dnathan5h@washington.edu
476,Pepillo Klimp,pklimp5i@narod.ru
649,Quinn Killcross,qkillcross5j@tinypic.com
340,Helen Kempshall,hkempshall5k@time.com
425,Genny Johanssen,gjohanssen5l@gizmodo.com
705,Caril Franzel,cfranzel5m@cbsnews.com
471,Shane Probat,sprobat5n@state.gov
439,Jillayne Izakoff,jizakoff5o@cmu.edu
356,Pattie Ostler,postler5p@ucoz.com
463,Kendricks Manwaring,kmanwaring5q@opera.com
754,Vidovic Devennie,vdevennie5r@ebay.co.uk
630,Elroy Issitt,eissitt5s@chronoengine.com
41,Aile Halksworth,ahalksworth5t@usda.gov
121,Lorilyn O'Ferris,loferris5u@kickstarter.com
329,Holmes Soan,hsoan5v@artisteer.com
429,Georgeta Rosencrantz,grosencrantz5w@ucoz.ru
805,Fairfax Almeida,falmeida5x@sciencedirect.com
622,Blair Bennedick,bbennedick5y@tmall.com
21,Mikaela Dael,mdael5z@miibeian.gov.cn
815,Adrian Brose,abrose60@google.nl
892,Brandie Heinonen,bheinonen61@eventbrite.com
799,Jamey Herrema,jherrema62@vkontakte.ru
337,Costanza Sandeland,csandeland63@seesaa.net
901,Amerigo Myatt,amyatt64@hibu.com
167,Ignacio Evens,ievens65@businesswire.com
382,Eugene Pozzi,epozzi66@icio.us
69,Bary Girault,bgirault67@va.gov
802,Jude Bockh,jbockh68@e-recht24.de
309,Abbye Rackstraw,arackstraw69@ustream.tv
428,Dario Thwaite,dthwaite6a@census.gov
363,Aubert Camden,acamden6b@usgs.gov
210,Cyndy Purches,cpurches6c@sbwire.com
857,Eleanore Garoghan,egaroghan6d@nationalgeographic.com
597,Shell Meachen,smeachen6e@fc2.com
303,Mufinella Wythe,mwythe6f@dot.gov
984,Calypso Schade,cschade6g@weather.com
956,Davey Covelle,dcovelle6h@quantcast.com
106,Kirstyn Spurret,kspurret6i@multiply.com
239,Cristal Seamark,cseamark6j@flickr.com
689,Andie Pennington,apennington6k@tamu.edu
124,Madlen Blodg,mblodg6l@sbwire.com
82,Kip Riatt,kriatt6m@1und1.de
621,Theadora Brane,tbrane6n@seattletimes.com
828,Beckie Witherden,bwitherden6o@jalbum.net
2,Bent Arman,barman6p@cbslocal.com
660,Shelagh Thirlwall,sthirlwall6q@shop-pro.jp
904,Ottilie O'Carrol,oocarrol6r@sciencedaily.com
92,Abeu Bidewel,abidewel6s@psu.edu
399,Ricoriki Noriega,rnoriega6t@thetimes.co.uk
823,Jarib Skidmore,jskidmore6u@marketwatch.com
527,Terry Veazey,tveazey6v@reference.com
248,Ceciley Raynor,craynor6w@godaddy.com
182,Filippo Rudolfer,frudolfer6x@comsenz.com
157,Jaymie Wilbore,jwilbore6y@prnewswire.com
745,Loydie Sydenham,lsydenham6z@unc.edu
10,Micky Ielden,mielden70@nba.com
607,Noella Brammer,nbrammer71@blog.com
394,Lilyan Bertin,lbertin72@diigo.com
299,Romonda Berg,rberg73@reddit.com
663,Tabor Lavender,tlavender74@wp.com
238,Sander Godin,sgodin75@google.it
95,Lorrin Brandham,lbrandham76@hc360.com
301,Aidan Collopy,acollopy77@e-recht24.de
156,Dorothea Aldiss,daldiss78@webmd.com
966,Fey MacCumeskey,fmaccumeskey79@webs.com
222,Edythe Ysson,eysson7a@globo.com
344,Starlin Cahill,scahill7b@nasa.gov
368,Maximilianus Polland,mpolland7c@un.org
43,Celine Tonry,ctonry7d@people.com.cn
661,Jedediah Blincoe,jblincoe7e@shinystat.com
897,Kelli Eglese,keglese7f@nba.com
884,Berna Karolyi,bkarolyi7g@jalbum.net
148,Roldan Harrema,rharrema7h@google.co.jp
189,Tressa Sussems,tsussems7i@deliciousdays.com
965,Tamarah Mulvenna,tmulvenna7j@dyndns.org
619,Corey Stellman,cstellman7k@xinhuanet.com
956,Calli Beardow,cbeardow7l@netlog.com
389,Felecia Ellaway,fellaway7m@google.com.hk
636,Cristionna Parfrey,cparfrey7n@infoseek.co.jp
902,Susannah Luckie,sluckie7o@simplemachines.org
979,Jemimah MacTeggart,jmacteggart7p@bing.com
487,Clementine South,csouth7q@booking.com
78,Renee Manterfield,rmanterfield7r@youtu.be
47,Alvin Bodycomb,abodycomb7s@mac.com
540,Talya Riggey,triggey7t@ibm.com
613,Marsh Reitenbach,mreitenbach7u@canalblog.com
56,Malynda Ridge,mridge7v@theatlantic.com
376,Burt Gyver,bgyver7w@army.mil
87,Paloma Stegel,pstegel7x@dyndns.org
517,Merlina Mynott,mmynott7y@facebook.com
975,Ennis Dulton,edulton7z@tuttocitta.it
443,Katlin Kinnach,kkinnach80@flickr.com
634,Cacilia Pickover,cpickover81@sphinn.com
204,Layton Pirelli,lpirelli82@amazonaws.com
891,Butch Champain,bchampain83@quantcast.com
49,Daron Ricard,dricard84@usa.gov
103,Jolynn Duckers,jduckers85@lycos.com
467,Liam Lepard,llepard86@tripadvisor.com
549,Ahmed Stratiff,astratiff87@spiegel.de
697,Andy Povall,apovall88@xrea.com
580,Cornell Gibbeson,cgibbeson89@china.com.cn
823,Shaina Collyer,scollyer8a@topsy.com
907,Brandy Brownstein,bbrownstein8b@scribd.com
711,Adrianne Neasam,aneasam8c@bluehost.com
861,Germain Chaplin,gchaplin8d@nba.com
623,Jarrad Audry,jaudry8e@ted.com
340,Krystyna Pidgley,kpidgley8f@shop-pro.jp
46,Philbert Caley,pcaley8g@mayoclinic.com
992,Darcey Croux,dcroux8h@amazon.de
482,Friedrich Dreye,fdreye8i@weather.com
25,Godart Killigrew,gkilligrew8j@constantcontact.com
991,Orelia Gillebert,ogillebert8k@hatena.ne.jp
598,Archaimbaud Crallan,acrallan8l@mapquest.com
301,Shayne Francombe,sfrancombe8m@usnews.com
22,Darcy Le Lievre,dle8n@house.gov
674,Lenore Colliar,lcolliar8o@technorati.com
900,Lorilee Collcutt,lcollcutt8p@fastcompany.com
471,Kendall Feacham,kfeacham8q@stanford.edu
760,Baxy Burnham,bburnham8r@answers.com
435,Rachelle Pinyon,rpinyon8s@paypal.com
62,Zachary Bezant,zbezant8t@sbwire.com
21,Susie Daen,sdaen8u@xing.com
408,Hortensia Drane,hdrane8v@amazon.co.jp
712,Cherianne Hailes,chailes8w@ifeng.com
342,Anne-corinne Zorn,azorn8x@hc360.com
613,Rozanna Christy,rchristy8y@sohu.com
653,Loydie Bedder,lbedder8z@prnewswire.com
678,Del Piburn,dpiburn90@ameblo.jp
119,Rebecka Genders,rgenders91@netlog.com
576,Marabel Bourgourd,mbourgourd92@mapy.cz
61,Pavia Jentin,pjentin93@globo.com
535,Johan Quilligan,jquilligan94@miibeian.gov.cn
383,Torrance Perico,tperico95@fastcompany.com
227,Emmett Wills,ewills96@aboutads.info
90,Gonzalo Puckham,gpuckham97@wix.com
684,Francesca Jimes,fjimes98@dot.gov
763,Wolfy Orniz,worniz99@naver.com
102,Salome Cutbirth,scutbirth9a@tamu.edu
577,Holly Cuddy,hcuddy9b@a8.net
149,Hanan Leveritt,hleveritt9c@example.com
903,Wilhelmine Nore,wnore9d@goo.gl
75,Rycca Montes,rmontes9e@mlb.com
433,Maris Sexstone,msexstone9f@samsung.com
857,Currie Hellens,chellens9g@google.de
206,Catlin Vennard,cvennard9h@washington.edu
682,Theodoric Kensit,tkensit9i@cargocollective.com
105,Rex Keigher,rkeigher9j@jugem.jp
764,Nanni Spelling,nspelling9k@xing.com
373,Phyllis Novakovic,pnovakovic9l@wufoo.com
526,Pooh Morena,pmorena9m@jalbum.net
172,Dal Scoggans,dscoggans9n@sohu.com
241,Ollie Domokos,odomokos9o@zdnet.com
51,Clarence Volkes,cvolkes9p@toplist.cz
147,Tonye Al Hirsi,tal9q@skyrock.com
931,Cori Babst,cbabst9r@reference.com
967,Edy Fearney,efearney9s@usnews.com
862,Farlee Sullly,fsullly9t@shareasale.com
449,Pace Hogbin,phogbin9u@mayoclinic.com
473,Humfrey Calcraft,hcalcraft9v@usda.gov
905,Tommie Malins,tmalins9w@washington.edu
635,Carleton Sanpher,csanpher9x@comcast.net
476,Otto Server,oserver9y@nba.com
393,Fidel Scoines,fscoines9z@lulu.com
427,Orlan Upfold,oupfolda0@theglobeandmail.com
510,Astrix Orwin,aorwina1@myspace.com
963,Bartram Laguerre,blaguerrea2@last.fm
71,Robby Extil,rextila3@scientificamerican.com
831,Butch d' Elboux,bda4@artisteer.com
143,Monti Hughill,mhughilla5@npr.org
963,Corrie Mandrier,cmandriera6@wunderground.com
936,Rudolph Brash,rbrasha7@yahoo.co.jp
599,Godard Deval,gdevala8@tmall.com
922,Jerad MacKaile,jmackailea9@scientificamerican.com
404,Sawyere Whoolehan,swhoolehanaa@google.ca
375,Alejandra Deighan,adeighanab@biblegateway.com
353,Garrard Pescott,gpescottac@github.io
912,Carrie Peat,cpeatad@topsy.com
834,Cati Tigwell,ctigwellae@mail.ru
472,Maynard Challender,mchallenderaf@linkedin.com
819,Stacee Dunster,sdunsterag@netscape.com
475,Anissa Bordessa,abordessaah@toplist.cz
422,Erminia Lindores,elindoresai@cbsnews.com
144,My Aysh,mayshaj@opensource.org
95,Cher Maple,cmapleak@engadget.com
2,Vanda Cosens,vcosensal@de.vu
247,Robert McArd,rmcardam@typepad.com
306,Melessa Tevlin,mtevlinan@google.it
772,Cloe Gilhouley,cgilhouleyao@canalblog.com
193,Tremayne Bowller,tbowllerap@cloudflare.com
174,Kliment Bodesson,kbodessonaq@ucoz.ru
384,Christabel Duigenan,cduigenanar@blog.com
930,Nolan Margrie,nmargrieas@free.fr
161,Shane Gostick,sgostickat@amazon.co.jp
244,Sallee Irvin,sirvinau@canalblog.com
820,Glenn Skim,gskimav@dailymail.co.uk
419,Shermie Towsey,stowseyaw@spotify.com
482,Nichole Giannasi,ngiannasiax@nbcnews.com
864,Roobbie Risley,rrisleyay@taobao.com
88,Lilla Lofting,lloftingaz@tiny.cc
717,Clareta Basden,cbasdenb0@geocities.com
622,Pavia Kegley,pkegleyb1@soup.io
403,Florri Bruineman,fbruinemanb2@usgs.gov
695,Danella Redmain,dredmainb3@indiatimes.com
292,Gabriellia Yesinov,gyesinovb4@bbc.co.uk
629,Gertrudis Sloley,gsloleyb5@tmall.com
948,Modestine Moncreiffe,mmoncreiffeb6@dailymotion.com
656,Izak Kerner,ikernerb7@joomla.org
738,Darci Rawsen,drawsenb8@webmd.com
798,Stacy Milby,smilbyb9@cocolog-nifty.com
998,Douglass Dunston,ddunstonba@ucsd.edu
293,Clemens Radborne,cradbornebb@ustream.tv
933,Nero Auchterlony,nauchterlonybc@wix.com
731,Hubie Whitwam,hwhitwambd@jigsy.com
885,Torey Trulock,ttrulockbe@vimeo.com
924,Madalena Ducaen,mducaenbf@princeton.edu
640,Jannelle Herkess,jherkessbg@cnn.com
192,Standford Gayforth,sgayforthbh@newyorker.com
209,Curr Collabine,ccollabinebi@webs.com
401,Henryetta Eads,headsbj@edublogs.org
470,Emanuele Andriss,eandrissbk@nasa.gov
233,Alair Apted,aaptedbl@mail.ru
459,Chelsey Moller,cmollerbm@howstuffworks.com
64,Grove Mattingley,gmattingleybn@cnbc.com
214,Oliviero Childs,ochildsbo@plala.or.jp
219,Shelley Gerge,sgergebp@dedecms.com
683,Keelia Skitch,kskitchbq@chronoengine.com
918,Phillie Godsil,pgodsilbr@so-net.ne.jp
133,Alberto Skelhorn,askelhornbs@imdb.com
366,Alleen Murrie,amurriebt@github.com
811,Dulci Bellefonte,dbellefontebu@networkadvertising.org
382,Beth Mitchelhill,bmitchelhillbv@netscape.com
397,Annabella Lill,alillbw@examiner.com
710,Angelo Becraft,abecraftbx@umn.edu
678,Gwenora Doubleday,gdoubledayby@google.com.br
956,Kaitlynn Breckin,kbreckinbz@businesswire.com
995,Page Manhare,pmanharec0@lulu.com
86,Francklin Habbijam,fhabbijamc1@bluehost.com
276,Lauree Gready,lgreadyc2@smugmug.com
416,Lee Annatt,lannattc3@uol.com.br
496,Drona Clack,dclackc4@typepad.com
850,Griselda Sandeford,gsandefordc5@hhs.gov
540,Merline Scamerdine,mscamerdinec6@istockphoto.com
873,Rosco Quenell,rquenellc7@house.gov
19,Cicely Crossan,ccrossanc8@sohu.com
538,Alisander Cummine,acumminec9@toplist.cz
62,Cristobal Croft,ccroftca@eventbrite.com
656,Northrup Bovey,nboveycb@weebly.com
43,Dawn Coneau,dconeaucc@altervista.org
488,Tildie Bierling,tbierlingcd@jiathis.com
910,Nelle Cosslett,ncosslettce@ucla.edu
217,Renie Maillard,rmaillardcf@cnn.com
923,Randi Flaonier,rflaoniercg@blogtalkradio.com
504,Eustace Adin,eadinch@imdb.com
887,Ammamaria Aysh,aayshci@ocn.ne.jp
707,Tarrah Garnall,tgarnallcj@istockphoto.com
76,Lesley Lackemann,llackemannck@surveymonkey.com
322,Misti Voff,mvoffcl@is.gd
425,Delmore Hawtin,dhawtincm@cam.ac.uk
892,Delly Jakaway,djakawaycn@seattletimes.com
766,Justinian Younghusband,jyounghusbandco@ovh.net
939,Gusti Craigg,gcraiggcp@deviantart.com
776,Ardine Giacubbo,agiacubbocq@is.gd
158,Clywd Jedrzejewsky,cjedrzejewskycr@ow.ly
835,Isac Chern,icherncs@google.com.br
852,Merrile Halahan,mhalahanct@reuters.com
763,Aluino Di Dello,adicu@accuweather.com
501,Koo Foxton,kfoxtoncv@ask.com
664,Vickie Woodroof,vwoodroofcw@pbs.org
670,Baron Gehrtz,bgehrtzcx@ed.gov
526,Tiebout Laible,tlaiblecy@yale.edu
256,Mirabel McCooke,mmccookecz@naver.com
589,Filippo Kohrt,fkohrtd0@sfgate.com
214,Neddie Hatchard,nhatchardd1@twitter.com
493,Gilbert Luxford,gluxfordd2@wix.com
813,Fania Duckit,fduckitd3@xing.com
348,Izzy Gellibrand,igellibrandd4@chicagotribune.com
629,Freddi Carthy,fcarthyd5@dyndns.org
229,Sherman Hazle,shazled6@cyberchimps.com
773,Rhona Birdsall,rbirdsalld7@rediff.com
246,Fran De Carlo,fded8@accuweather.com
840,Vance Pitcaithly,vpitcaithlyd9@google.nl
833,Kirbee Krolle,kkrolleda@alibaba.com
185,Ermengarde Critchlow,ecritchlowdb@engadget.com
810,Cris Skirlin,cskirlindc@vkontakte.ru
493,Tammy Petris,tpetrisdd@admin.ch
110,Dacey Balfre,dbalfrede@twitpic.com
77,Dot Whitham,dwhithamdf@feedburner.com
818,Manda Ipsgrave,mipsgravedg@surveymonkey.com
23,Harbert Glasgow,hglasgowdh@samsung.com
984,Mikey Vasyatkin,mvasyatkindi@google.fr
567,Britta Kimble,bkimbledj@github.io
453,Roma Pursey,rpurseydk@salon.com
905,Ursula Allsop,uallsopdl@apache.org
596,Dory Desorts,ddesortsdm@washingtonpost.com
141,Dyanne Deakes,ddeakesdn@weibo.com
562,Margaretha Oats,moatsdo@cargocollective.com
546,Johnnie Abazi,jabazidp@mlb.com
233,Alysa Brumwell,abrumwelldq@usatoday.com
628,Darryl Sturdy,dsturdydr@howstuffworks.com
572,Elvin Stanex,estanexds@goo.ne.jp
455,Alfy McFadyen,amcfadyendt@bbb.org
46,Broderick O'Lenechan,bolenechandu@ebay.com
508,Gabriele Egre,gegredv@nature.com
908,Dorette Linggood,dlinggooddw@alibaba.com
672,Barbe Ketcher,bketcherdx@blinklist.com
401,Ashlin Palley,apalleydy@people.com.cn
8,Jefferey Larkings,jlarkingsdz@google.ca
133,Brandise Jay,bjaye0@bravesites.com
602,Nonie Stein,nsteine1@theatlantic.com
327,Kandace Chowne,kchownee2@huffingtonpost.com
29,Ossie Stockin,ostockine3@wsj.com
142,Meyer Brogini,mbroginie4@dedecms.com
21,Farrel Betjeman,fbetjemane5@gnu.org
429,Barbie Thomerson,bthomersone6@webs.com
834,Chiquia Crennell,ccrennelle7@soup.io
347,Desiree Feetham,dfeethame8@facebook.com
143,Blaire Lammin,blammine9@nhs.uk
210,Tiphany Bonnette,tbonnetteea@google.pl
491,Winona Augustine,waugustineeb@mayoclinic.com
220,Tull Delooze,tdeloozeec@census.gov
499,Robinett Grouer,rgrouered@aboutads.info
362,Trev Domenget,tdomengetee@hao123.com
319,Bo Holliar,bholliaref@ftc.gov
718,Mavis Calabry,mcalabryeg@nps.gov
68,Yasmin Bougourd,ybougourdeh@wikimedia.org
171,Shep Viveash,sviveashei@topsy.com
909,Marquita McKevin,mmckevinej@google.nl
211,Noreen Maha,nmahaek@un.org
39,Gaby Franchioni,gfranchioniel@freewebs.com
383,Shanda Wind,swindem@hud.gov
508,Cathie Yaxley,cyaxleyen@merriam-webster.com
270,Isabelita Swinfen,iswinfeneo@forbes.com
735,Jaclyn Robus,jrobusep@behance.net
545,Bing Labusquiere,blabusquiereeq@edublogs.org
325,Kailey Punter,kpunterer@imgur.com
550,Adrian Northern,anorthernes@hhs.gov
160,Carla Tribbeck,ctribbecket@cisco.com
489,Flo Balnaves,fbalnaveseu@163.com
239,Wynny De Santos,wdeev@homestead.com
476,Olenka Pulford,opulfordew@auda.org.au
684,Carleen Bownass,cbownassex@twitpic.com
353,Raffarty Kibble,rkibbleey@163.com
422,Ernestus Delnevo,edelnevoez@yahoo.co.jp
233,Benoite Symmers,bsymmersf0@meetup.com
684,Madison Berendsen,mberendsenf1@sina.com.cn
91,Moyra Pennigar,mpennigarf2@jiathis.com
890,Mildrid Partlett,mpartlettf3@ameblo.jp
35,Clarke Elms,celmsf4@stanford.edu
884,Herve Ivanets,hivanetsf5@mediafire.com
63,Cecilia Mattiassi,cmattiassif6@reverbnation.com
624,Armando Dowker,adowkerf7@live.com
257,Tome Eckley,teckleyf8@yahoo.co.jp
619,Aline Nials,anialsf9@state.tx.us
158,Augusta McDonnell,amcdonnellfa@miibeian.gov.cn
480,Darbee Gladyer,dgladyerfb@yale.edu
81,Lou Wegner,lwegnerfc@wordpress.com
403,Neila Wawer,nwawerfd@kickstarter.com
218,Isadora Jerrome,ijerromefe@1688.com
543,Keelby Kleinmann,kkleinmannff@hao123.com
90,Worthy Sirette,wsirettefg@php.net
880,Troy Packington,tpackingtonfh@mlb.com
201,Lilith O'Day,lodayfi@w3.org
874,Leanora Van,lvanfj@google.fr
886,Peterus Meijer,pmeijerfk@deviantart.com
295,Bucky Lidbetter,blidbetterfl@edublogs.org
87,Dorri Neising,dneisingfm@google.com.au
191,Harriet Quaife,hquaifefn@ehow.com
740,Davon Lockhart,dlockhartfo@cargocollective.com
146,Giusto Kenshole,gkensholefp@ibm.com
100,Benedikt Dommerque,bdommerquefq@webmd.com
728,Faulkner Fransson,ffranssonfr@va.gov
327,Nicolas Beauman,nbeaumanfs@about.com
539,Orville Itzkin,oitzkinft@fotki.com
463,Tobi Blum,tblumfu@auda.org.au
363,Keelia Pavlovic,kpavlovicfv@paginegialle.it
280,Ramsey Gaddas,rgaddasfw@cam.ac.uk
461,Ettore Stothert,estothertfx@abc.net.au
1000,Kaylee Sparshutt,ksparshuttfy@ca.gov
191,Linnet Blanque,lblanquefz@fda.gov
356,Tillie Whitlock,twhitlockg0@mit.edu
651,Katy Lucio,kluciog1@tamu.edu
603,Aubrie Biers,abiersg2@springer.com
93,Shell Staff,sstaffg3@auda.org.au
708,Catina Championnet,cchampionnetg4@usnews.com
931,Tibold Tubbles,ttubblesg5@jigsy.com
625,Darb Grzelczak,dgrzelczakg6@ning.com
562,Ryon Heinzler,rheinzlerg7@ucoz.com
467,Alvinia Treadger,atreadgerg8@typepad.com
522,Clarinda Townsend,ctownsendg9@dion.ne.jp
509,Erin Storrs,estorrsga@gravatar.com
92,Dov Franssen,dfranssengb@ucoz.ru
927,Mora Judkins,mjudkinsgc@fda.gov
584,Marian Trusslove,mtrusslovegd@surveymonkey.com
788,Madelaine Crunkhorn,mcrunkhornge@gravatar.com
403,Alfonso McGarvey,amcgarveygf@free.fr
143,Willette Coppin,wcoppingg@nba.com
998,Lindsay Ollivierre,lollivierregh@hostgator.com
497,Valaree Cordy,vcordygi@youtube.com
420,Jerri Creeboe,jcreeboegj@google.cn
467,Ingrim Simenot,isimenotgk@ucla.edu
50,Mariam Cecely,mcecelygl@nih.gov
374,Imojean Marjanovic,imarjanovicgm@nyu.edu
799,Horatio Aireton,hairetongn@behance.net
40,Felicity Bambra,fbambrago@tripod.com
877,Kathy Crone,kcronegp@histats.com
148,Drugi Cleeton,dcleetongq@hud.gov
179,Glennie Bentjens,gbentjensgr@technorati.com
951,Xenia Ferns,xfernsgs@smugmug.com
866,Abbe McMonnies,amcmonniesgt@springer.com
890,Petronille Shoutt,pshouttgu@pcworld.com
159,Izak Daenen,idaenengv@mozilla.com
990,Edy Longhi,elonghigw@geocities.jp
661,Aksel Crowne,acrownegx@google.com.br
153,Major Scourgie,mscourgiegy@nydailynews.com
900,Gerick Domini,gdominigz@vimeo.com
386,Sherill Cattermole,scattermoleh0@google.pl
265,Matthus Frodsam,mfrodsamh1@tinypic.com
466,Leicester Paulack,lpaulackh2@washington.edu
997,Cirillo Laird,clairdh3@symantec.com
390,Barr Lennard,blennardh4@berkeley.edu
664,Ado Flaxman,aflaxmanh5@mediafire.com
99,Reider Eim,reimh6@about.me
82,Dorrie Storr,dstorrh7@dyndns.org
548,Benedikt MacClure,bmacclureh8@cbslocal.com
634,Arlyn Zelland,azellandh9@163.com
749,Piggy Tiron,ptironha@indiatimes.com
892,Doris Burras,dburrashb@java.com
155,Arni Ninnotti,aninnottihc@reddit.com
244,Audy Waldram,awaldramhd@yahoo.com
961,August Jurczyk,ajurczykhe@bluehost.com
260,Britte Blockley,bblockleyhf@google.de
931,Mercie Humbatch,mhumbatchhg@state.tx.us
982,Keith Thurber,kthurberhh@ezinearticles.com
670,Mario Glaister,mglaisterhi@ibm.com
627,Cash Coxhell,ccoxhellhj@netvibes.com
738,Barbara Doige,bdoigehk@vinaora.com
164,Alwyn Lumly,alumlyhl@macromedia.com
817,Marina Heavyside,mheavysidehm@prweb.com
528,Ethelred Tremoille,etremoillehn@cloudflare.com
595,Dominik Klisch,dklischho@delicious.com
89,Sybille Cassel,scasselhp@360.cn
29,Clem Van Velden,cvanhq@miitbeian.gov.cn
25,Fransisco Obern,fobernhr@netscape.com
706,Vinson Lernihan,vlernihanhs@go.com
534,Harri Pringell,hpringellht@trellian.com
48,Brittani Silwood,bsilwoodhu@live.com
559,Chaddy Dobbing,cdobbinghv@unesco.org
911,Jacquelynn Veldstra,jveldstrahw@google.com.au
318,Corliss Bebbington,cbebbingtonhx@omniture.com
780,Gayelord Marikhin,gmarikhinhy@xing.com
754,Gherardo Mitkov,gmitkovhz@xinhuanet.com
593,Percy Hardwin,phardwini0@dyndns.org
165,Homerus Agiolfinger,hagiolfingeri1@craigslist.org
436,Rochella Mackstead,rmacksteadi2@paypal.com
605,Napoleon Redmile,nredmilei3@apple.com
705,Miguelita Cossem,mcossemi4@people.com.cn
64,Jorry Payze,jpayzei5@mlb.com
363,Iona Quarles,iquarlesi6@bbb.org
938,Kelvin Rustadge,krustadgei7@virginia.edu
882,Simonette Shawdforth,sshawdforthi8@nymag.com
270,Saxe Hacun,shacuni9@telegraph.co.uk
736,Devy Belderson,dbeldersonia@pen.io
551,Beulah Eaglestone,beaglestoneib@reuters.com
814,Hayward Antyshev,hantyshevic@prweb.com
377,Pearline Kiernan,pkiernanid@feedburner.com
976,Maurise Grimstead,mgrimsteadie@google.nl
766,Benson Haberfield,bhaberfieldif@paginegialle.it
4,Emelina Fifield,efifieldig@diigo.com
575,Jobyna Mossdale,jmossdaleih@vimeo.com
964,Cora Shawyer,cshawyerii@wisc.edu
802,Arline Blair,ablairij@ucoz.com
954,Donalt Clemmey,dclemmeyik@google.es
447,Regine Lugg,rluggil@arizona.edu
571,Jenelle Gianninotti,jgianninottiim@java.com
745,Gayelord Whysall,gwhysallin@mapquest.com
907,Devon McCaskill,dmccaskillio@cbc.ca
153,Nettie Freddi,nfreddiip@pbs.org
212,Ulrike Gosalvez,ugosalveziq@virginia.edu
730,Blinni Swigg,bswiggir@webeden.co.uk
973,Yule Tompion,ytompionis@sciencedirect.com
706,Pearla Gealy,pgealyit@qq.com
893,Brigit Piller,bpilleriu@bravesites.com
186,Marti Twort,mtwortiv@github.com
219,Laurette Dyott,ldyottiw@mozilla.org
163,Fern Farrant,ffarrantix@unblog.fr
617,Avigdor Inglesfield,ainglesfieldiy@pen.io
418,Dido Kik,dkikiz@tinyurl.com
248,Melina Schusterl,mschusterlj0@linkedin.com
871,Dalis Yockney,dyockneyj1@google.es
621,Darlene Giamelli,dgiamellij2@networkadvertising.org
868,Kira Charrisson,kcharrissonj3@nydailynews.com
671,Salem Plessing,splessingj4@angelfire.com
545,Sharleen Szantho,sszanthoj5@wired.com
107,Chev Grimsdale,cgrimsdalej6@oakley.com
414,Gabey Brampton,gbramptonj7@stanford.edu
896,Merry Doppler,mdopplerj8@tmall.com
879,Afton Branchet,abranchetj9@nymag.com
861,Elsy Skally,eskallyja@ovh.net
333,Anna-diane Febry,afebryjb@stumbleupon.com
553,Dominick Trudgion,dtrudgionjc@marriott.com
728,Fidelio Falks,ffalksjd@ibm.com
306,Maura Whittington,mwhittingtonje@vinaora.com
773,Lelia Kain,lkainjf@jiathis.com
924,Brittne Agass,bagassjg@amazon.co.uk
177,Konstanze Costen,kcostenjh@360.cn
917,Maryanna Vanes,mvanesji@aol.com
435,Lennie Batterbee,lbatterbeejj@thetimes.co.uk
776,Bennett Ioselevich,bioselevichjk@4shared.com
111,Carroll Willicott,cwillicottjl@ustream.tv
683,Martin Qualtrough,mqualtroughjm@sogou.com
525,Paula Vizor,pvizorjn@dedecms.com
82,Loella Vinecombe,lvinecombejo@etsy.com
782,Sandy Dorkens,sdorkensjp@tinypic.com
579,Eilis Snaith,esnaithjq@reddit.com
33,Gisella Niblo,gniblojr@wufoo.com
575,Pauline Von Gladbach,pvonjs@cocolog-nifty.com
416,Maribeth Bleackly,mbleacklyjt@prlog.org
699,Chucho Bernasek,cbernasekju@yolasite.com
887,Cori Pinnijar,cpinnijarjv@ucla.edu
282,Elvera Watton,ewattonjw@irs.gov
210,Dagny O' Flaherty,dojx@mayoclinic.com
191,Bethany Aizikovitz,baizikovitzjy@independent.co.uk
415,Olly Hugland,ohuglandjz@theglobeandmail.com
28,Franz Bragginton,fbraggintonk0@webeden.co.uk
742,Mariska Dimmick,mdimmickk1@mashable.com
569,Iosep Rodinger,irodingerk2@shareasale.com
257,Isabelle de Broke,idek3@wisc.edu
109,Ferguson Marrill,fmarrillk4@sciencedaily.com
809,Gregg Park,gparkk5@hao123.com
448,Mayor Raffon,mraffonk6@samsung.com
248,Roshelle Bolver,rbolverk7@hexun.com
271,Beckie Jennens,bjennensk8@t-online.de
240,Coralyn Christley,cchristleyk9@google.de
994,Milly Siseland,msiselandka@deviantart.com
782,Osmund Dabrowski,odabrowskikb@exblog.jp
293,Dacia Ingre,dingrekc@wiley.com
471,Dante Hariot,dhariotkd@trellian.com
127,Cedric Rushbrooke,crushbrookeke@squidoo.com
731,Terrijo Komorowski,tkomorowskikf@cloudflare.com
646,Evvie Bearns,ebearnskg@cpanel.net
537,Emilie Lindenstrauss,elindenstrausskh@4shared.com
297,Arlana Dannatt,adannattki@vistaprint.com
19,Peggi Master,pmasterkj@patch.com
703,Gregor Gockeler,ggockelerkk@google.com.hk
325,Jens Trenchard,jtrenchardkl@columbia.edu
687,Lou Piet,lpietkm@uiuc.edu
188,Richie Falvey,rfalveykn@about.com
476,Baxy Willoughley,bwilloughleyko@dot.gov
873,Seth Beggio,sbeggiokp@unblog.fr
450,Octavius Keyho,okeyhokq@nih.gov
772,Joice Glazier,jglazierkr@weibo.com
1,Austen Cawker,acawkerks@elpais.com
80,Gilbertine Tuxsell,gtuxsellkt@cnn.com
936,Payton Mordie,pmordieku@unblog.fr
414,Fabiano Crichmer,fcrichmerkv@nsw.gov.au
24,Cherie Filkin,cfilkinkw@bloomberg.com
497,Sayre Layus,slayuskx@europa.eu
92,Tyrone Drysdale,tdrysdaleky@soundcloud.com
69,Gino Oakenford,goakenfordkz@1688.com
1000,Katharine Heady,kheadyl0@facebook.com
851,Stearn Balchin,sbalchinl1@dropbox.com
725,Christoper Brunesco,cbrunescol2@jigsy.com
385,Alyson McClenaghan,amcclenaghanl3@imgur.com
627,Regine Ambrosio,rambrosiol4@economist.com
112,Kate McQueen,kmcqueenl5@va.gov
39,Hadley Grollmann,hgrollmannl6@dell.com
368,Jaynell Queripel,jqueripell7@google.fr
996,Vernor Tuson,vtusonl8@histats.com
85,Kelila Titterrell,ktitterrelll9@bloglovin.com
148,Lori Guyot,lguyotla@ustream.tv
998,Francoise Sheryne,fsherynelb@umn.edu
930,Marielle Casella,mcasellalc@cargocollective.com
281,Rozina Bottom,rbottomld@sitemeter.com
833,Daisey Altham,dalthamle@cloudflare.com
444,Brande Seeman,bseemanlf@github.io
719,Erina Le Quesne,elelg@huffingtonpost.com
291,Alexei Balffye,abalffyelh@pinterest.com
720,Norton Slade,nsladeli@cocolog-nifty.com
643,Marcy Caley,mcaleylj@who.int
662,Barrie Sabbatier,bsabbatierlk@ebay.com
859,Devlen Lancastle,dlancastlell@usnews.com
510,Aretha Laxe,alaxelm@imageshack.us
968,Roland Shmyr,rshmyrln@netlog.com
56,Gradey Levesque,glevesquelo@mayoclinic.com
134,Dal Matterson,dmattersonlp@theglobeandmail.com
985,Haven Tirone,htironelq@live.com
626,Morly Allom,mallomlr@networkadvertising.org
165,Lion Hinstock,lhinstockls@pcworld.com
872,Drud Longmate,dlongmatelt@home.pl
207,Giulio Pedro,gpedrolu@sitemeter.com
258,Renell Rylatt,rrylattlv@scientificamerican.com
69,Laura Sollett,lsollettlw@sourceforge.net
918,Rodi Lawrinson,rlawrinsonlx@storify.com
855,Abby Scranedge,ascranedgely@theatlantic.com
332,Annnora Gillanders,agillanderslz@prweb.com
183,Layton Haack,lhaackm0@geocities.com
262,Even Merriment,emerrimentm1@ustream.tv
132,Josephina Walling,jwallingm2@earthlink.net
701,Micheil Goldsworthy,mgoldsworthym3@over-blog.com
844,Berrie Pollack,bpollackm4@csmonitor.com
574,Tannie Dampney,tdampneym5@mozilla.org
800,May Simmons,msimmonsm6@shinystat.com
403,Correy Belham,cbelhamm7@admin.ch
661,Helge Walhedd,hwalheddm8@yelp.com
653,Reyna Milnthorpe,rmilnthorpem9@google.com.hk
118,Friederike Lepoidevin,flepoidevinma@samsung.com
860,Susy Kernell,skernellmb@webeden.co.uk
429,Brok Beauchop,bbeauchopmc@vinaora.com
853,Cornelius Khadir,ckhadirmd@businesswire.com
67,Julee Quest,jquestme@ed.gov
388,Abeu Clarabut,aclarabutmf@freewebs.com
983,Zachary Mughal,zmughalmg@wufoo.com
482,Allene Tilbrook,atilbrookmh@e-recht24.de
362,Gibbie Hamstead,ghamsteadmi@baidu.com
565,Christoffer Hollidge,chollidgemj@ehow.com
94,Lyndsie Gallo,lgallomk@craigslist.org
730,Winny Rodge,wrodgeml@patch.com
919,Aube Oglevie,aogleviemm@sogou.com
755,Nikkie Yukhov,nyukhovmn@nih.gov
931,Desirae Billing,dbillingmo@privacy.gov.au
526,Tiffany Tear,ttearmp@ow.ly
947,Rania Scudder,rscuddermq@ucsd.edu
530,Kingston Ferrini,kferrinimr@mail.ru
426,Vonni Paur,vpaurms@sphinn.com
952,Darya Benezet,dbenezetmt@aboutads.info
442,Jarrod Felmingham,jfelminghammu@earthlink.net
973,Hector Roj,hrojmv@mashable.com
54,Washington Cicchitello,wcicchitellomw@stumbleupon.com
654,Leicester Lorence,llorencemx@apache.org
494,Hammad Casbolt,hcasboltmy@army.mil
733,Emyle Riccardi,ericcardimz@google.de
394,Anne-marie Urey,aureyn0@hexun.com
456,Cecilla Hechlin,chechlinn1@aol.com
708,Arlen Rachuig,arachuign2@imageshack.us
299,Zoe Duplain,zduplainn3@taobao.com
245,Zsazsa McCafferty,zmccaffertyn4@delicious.com
759,Jenn Weathers,jweathersn5@miibeian.gov.cn
516,Elwin Endley,eendleyn6@go.com
409,Kamillah Mogra,kmogran7@imdb.com
576,Rick Hawksworth,rhawksworthn8@technorati.com
898,Jodie Sisson,jsissonn9@1688.com
92,Hilda Dickens,hdickensna@theglobeandmail.com
534,Maribeth Carnell,mcarnellnb@simplemachines.org
702,Torrey Meneo,tmeneonc@princeton.edu
233,Rachelle Andrieux,randrieuxnd@google.com.hk
570,Lelah Dally,ldallyne@yahoo.com
218,Jemmie Antoniak,jantoniaknf@npr.org
392,Evie Giddins,egiddinsng@jimdo.com
276,Cyndia Guerreru,cguerrerunh@discuz.net
207,Evangeline Brockest,ebrockestni@behance.net
355,Sallyann Wetherhead,swetherheadnj@soundcloud.com
325,Davey Monini,dmoninink@apache.org
239,Elisha Scamerden,escamerdennl@free.fr
460,Hyacinthie Stuck,hstucknm@zdnet.com
447,Sloane Graeme,sgraemenn@salon.com
865,Wells Daelman,wdaelmanno@nationalgeographic.com
272,Tony Sealeaf,tsealeafnp@purevolume.com
844,Gael Meert,gmeertnq@nps.gov
957,Web Holton,wholtonnr@mysql.com
139,Ravi Simonich,rsimonichns@yolasite.com
493,Elga Heak,eheaknt@xrea.com
391,William Arnoult,warnoultnu@usda.gov
566,Corbie Ramsay,cramsaynv@barnesandnoble.com
502,Allen Dudeney,adudeneynw@mozilla.com
586,Cordelie Hatz,chatznx@sciencedirect.com
574,Shelagh Sherratt,ssherrattny@phpbb.com
680,Baily Lidierth,blidierthnz@topsy.com
806,Karita Grunson,kgrunsono0@macromedia.com
294,Maryl Cutchey,mcutcheyo1@geocities.jp
828,Land Gothliff,lgothliffo2@auda.org.au
830,Lanette MacDunleavy,lmacdunleavyo3@vinaora.com
707,Berke Becerra,bbecerrao4@buzzfeed.com
600,Cosimo MacVagh,cmacvagho5@slashdot.org
254,Kaela Idel,kidelo6@vk.com
294,Ulberto Castagnasso,ucastagnassoo7@si.edu
910,Lanny Titherington,ltitheringtono8@homestead.com
128,Amalea Braine,abraineo9@gravatar.com
206,Bryana Davey,bdaveyoa@linkedin.com
113,Corenda Gooddie,cgooddieob@weebly.com
82,Kimberlee Inott,kinottoc@craigslist.org
19,Kori MacKellen,kmackellenod@uol.com.br
63,Brien Skones,bskonesoe@newsvine.com
442,Starr Chagg,schaggof@dion.ne.jp
503,Norma Baiden,nbaidenog@techcrunch.com
699,Saxon Maevela,smaevelaoh@nhs.uk
387,Diane-marie Guilfoyle,dguilfoyleoi@npr.org
915,Silvan Simoncelli,ssimoncellioj@webs.com
511,Tabbi McQuirter,tmcquirterok@infoseek.co.jp
1,Cecilla Lindro,clindrool@nifty.com
940,Tracie Braisher,tbraisherom@eventbrite.com
647,Robyn MacGarrity,rmacgarrityon@oakley.com
136,Selinda Goulder,sgoulderoo@springer.com
701,Napoleon Aikenhead,naikenheadop@unesco.org
10,Reade Ramm,rrammoq@ameblo.jp
763,Tanner Osorio,tosorioor@microsoft.com
131,Nicolais Moogan,nmooganos@youku.com
61,Mac Stillgoe,mstillgoeot@t-online.de
838,Chanda Lye,clyeou@purevolume.com
505,Leroi Nuzzti,lnuzztiov@wix.com
586,Ambros Swinnard,aswinnardow@howstuffworks.com
764,Serge Fuster,sfusterox@live.com
697,Elsbeth Largen,elargenoy@intel.com
987,Kristo Trill,ktrilloz@ed.gov
784,Natalie Seys,nseysp0@miitbeian.gov.cn
877,Francyne Jeaffreson,fjeaffresonp1@engadget.com
148,Stephanie Lots,slotsp2@hibu.com
612,Meggie Keyden,mkeydenp3@smh.com.au
213,Loretta Henlon,lhenlonp4@taobao.com
715,Harlin Kaygill,hkaygillp5@unesco.org
211,Robbyn Capelin,rcapelinp6@lulu.com
628,Uta Makinson,umakinsonp7@clickbank.net
754,Latrena McCrostie,lmccrostiep8@mapquest.com
218,Krystyna Edgeller,kedgellerp9@mysql.com
761,Allin Turneaux,aturneauxpa@java.com
182,Miran Tunesi,mtunesipb@shinystat.com
430,Belva Mettetal,bmettetalpc@cbslocal.com
819,Honor Ainscow,hainscowpd@nydailynews.com
758,Evangelia Tomasello,etomasellope@about.me
642,Brew Denyer,bdenyerpf@artisteer.com
616,Hartley Wybrew,hwybrewpg@ucoz.com
58,Antoine Ricart,aricartph@cornell.edu
15,Noak Krebs,nkrebspi@admin.ch
744,Cherilynn Gawkroge,cgawkrogepj@marriott.com
563,Sidonia Iiannoni,siiannonipk@wikimedia.org
781,Germain Domingues,gdominguespl@exblog.jp
995,Arleta Eads,aeadspm@vimeo.com
696,Viva Olford,volfordpn@tripod.com
1,Jazmin Whybray,jwhybraypo@posterous.com
274,Idaline Ladloe,iladloepp@weibo.com
344,Wilek Woodison,wwoodisonpq@parallels.com
477,Consolata Inggall,cinggallpr@huffingtonpost.com
288,Lucian Dirand,ldirandps@hp.com
594,Nickolai McGarrie,nmcgarriept@dailymotion.com
527,Raeann Stanbrooke,rstanbrookepu@java.com
98,Eimile Grouer,egrouerpv@merriam-webster.com
378,Rouvin Calvard,rcalvardpw@nba.com
383,Kerry Fain,kfainpx@yolasite.com
36,Gene Seeviour,gseeviourpy@ihg.com
558,Mariam Mathieu,mmathieupz@squarespace.com
680,Sharia Blogg,sbloggq0@privacy.gov.au
752,Rutger Skelington,rskelingtonq1@livejournal.com
774,Nichole Goodinson,ngoodinsonq2@wisc.edu
353,Maud Goulbourne,mgoulbourneq3@nhs.uk
502,Miriam Keoghan,mkeoghanq4@bloglines.com
642,Ernest Shelmardine,eshelmardineq5@columbia.edu
238,Lew Jeffcoat,ljeffcoatq6@usatoday.com
484,Standford Owlner,sowlnerq7@who.int
466,Garvy Auger,gaugerq8@dropbox.com
699,Helenelizabeth Caulcutt,hcaulcuttq9@tinypic.com
108,Kinna McGifford,kmcgiffordqa@exblog.jp
918,Lotti Ceschelli,lceschelliqb@csmonitor.com
497,Thedric Warnock,twarnockqc@google.nl
219,Joleen Stirtle,jstirtleqd@webmd.com
423,Horst Levin,hlevinqe@symantec.com
829,Mortie Readhead,mreadheadqf@google.ca
247,Bria Douty,bdoutyqg@ft.com
841,Vasili Piche,vpicheqh@go.com
497,Tadeas Longhi,tlonghiqi@sciencedirect.com
39,Andros Zylbermann,azylbermannqj@angelfire.com
695,Merrili Willmetts,mwillmettsqk@geocities.jp
811,Loretta Kornalik,lkornalikql@yale.edu
579,Elbert Grindle,egrindleqm@aol.com
579,Debbie Bytheway,dbythewayqn@foxnews.com
6,Ardelia Clack,aclackqo@shareasale.com
653,Glenden Surgeoner,gsurgeonerqp@bluehost.com
656,Alverta Splevins,asplevinsqq@shareasale.com
70,Obie Darko,odarkoqr@indiatimes.com
430,Tana Tinton,ttintonqs@altervista.org
587,Elga Baverstock,ebaverstockqt@xinhuanet.com
251,Elfrida Pike,epikequ@istockphoto.com
620,Dermot Pett,dpettqv@chron.com
746,Milt Tarney,mtarneyqw@about.me
426,Larina Prendiville,lprendivilleqx@pinterest.com
982,Debi Carlo,dcarloqy@uol.com.br
93,Erminia Pettifor,epettiforqz@xing.com
918,Egon Clibbery,eclibberyr0@wunderground.com
689,Bryn MacGuigan,bmacguiganr1@cargocollective.com
318,Kincaid Pettis,kpettisr2@washington.edu
772,Elroy Pyffe,epyffer3@ebay.co.uk
307,Lilias Shafier,lshafierr4@constantcontact.com
978,Ingelbert Speakman,ispeakmanr5@xinhuanet.com
761,Tammie Matusov,tmatusovr6@oracle.com
185,Kailey Abramsky,kabramskyr7@ted.com
704,Stormi Dearsley,sdearsleyr8@netscape.com
393,Tamra Golledge,tgolledger9@ow.ly
710,Xenos O Sullivan,xora@storify.com
871,Eugenio Winterbottom,ewinterbottomrb@xing.com
777,Brennen Deme,bdemerc@noaa.gov
337,Eberto Ecles,eeclesrd@flavors.me
977,Richmond Ogelsby,rogelsbyre@jiathis.com
890,Ianthe Jeaycock,ijeaycockrf@free.fr
459,Lorne Nern,lnernrg@squarespace.com
516,Elijah Tinner,etinnerrh@usatoday.com
921,Brook Dunaway,bdunawayri@bloglovin.com
23,Glynda Sheather,gsheatherrj@vkontakte.ru
361,George Valder,gvalderrk@arstechnica.com
216,Fransisco Fetherston,ffetherstonrl@jalbum.net
482,Tulley Salasar,tsalasarrm@mac.com
850,Nadean Ropkins,nropkinsrn@dot.gov
909,Francesca de Werk,fdero@free.fr
387,Lucila Preedy,lpreedyrp@va.gov
68,Horacio Scrace,hscracerq@de.vu
974,Ingrim Grube,igruberr@alexa.com
