CustomerID,CustomerName,CustomerEmail
260686,Lorette Habbin,lhabbin0@cloudflare.com
95501,Richmound Whiten,rwhiten1@prlog.org
207135,Jaquelin Ecclestone,jecclestone2@cnbc.com
33450,Brooke Fielden,bfielden3@youtu.be
921273,Mikkel Chase,mchase4@home.pl
644291,Vina Lamps,vlamps5@xinhuanet.com
447546,Maxy Buckam,mbuckam6@state.gov
792823,Paulina Kynaston,pkynaston7@whitehouse.gov
136625,Mattias Annon,mannon8@digg.com
368390,Anna-maria Leavy,aleavy9@drupal.org
546122,Bryna Spurdle,bspurdlea@craigslist.org
337485,Cindi Hammarberg,chammarbergb@bbb.org
782224,Kermit Proughten,kproughtenc@reddit.com
721357,Winny Barme,wbarmed@cisco.com
667999,Teddi Jakovijevic,tjakovijevice@pcworld.com
624878,Justine Jansa,jjansaf@cocolog-nifty.com
921626,Anders Pinner,apinnerg@census.gov
109851,Bernadina Grafham,bgrafhamh@google.com.br
183611,Blaine Sacchetti,bsacchettii@angelfire.com
699581,Emmalynne Nacey,enaceyj@soundcloud.com
946203,Casey Jennaroy,cjennaroyk@mlb.com
589154,Violetta Tettley,vtettleyl@fema.gov
930773,Jo Worviell,jworviellm@tinyurl.com
805805,Lance Frowd,lfrowdn@aboutads.info
553659,Clayson Coweuppe,ccoweuppeo@artisteer.com
187349,Bibbie Robjohns,brobjohnsp@walmart.com
318466,Jacklin Casserley,jcasserleyq@a8.net
941864,Porty Metts,pmettsr@edublogs.org
911118,Trevar Alders,talderss@altervista.org
587947,Kyla Truwert,ktruwertt@smugmug.com
102027,Clement Strete,cstreteu@marketwatch.com
70716,Karly Clemendet,kclemendetv@yahoo.co.jp
206560,Mira Spellecy,mspellecyw@webs.com
389080,Sinclair Cholton,scholtonx@google.ca
501689,Angie Gozzard,agozzardy@amazon.co.jp
807847,Jsandye Plomer,jplomerz@ibm.com
55264,Cletis de Chastelain,cde10@wufoo.com
327927,Dorie Wilbraham,dwilbraham11@dell.com
209433,Sandra Alcock,salcock12@bandcamp.com
48962,Jourdan Whitcher,jwhitcher13@webnode.com
588198,Crissy Oehm,coehm14@google.ru
946909,Bondy Rosterne,brosterne15@istockphoto.com
934946,Eugenie Burbank,eburbank16@joomla.org
470563,Franciska Poole,fpoole17@ow.ly
855238,Rose McCurtin,rmccurtin18@phpbb.com
822876,Erika Skegg,eskegg19@spiegel.de
105180,Jewelle Ferroli,jferroli1a@dailymotion.com
796043,Jacintha Domek,jdomek1b@amazonaws.com
763377,Eloise Caulier,ecaulier1c@zimbio.com
516112,Cornelia Pellew,cpellew1d@ebay.co.uk
47919,Dori Romayne,dromayne1e@ow.ly
594666,Britt Conachie,bconachie1f@seesaa.net
378595,Elden Hatrey,ehatrey1g@macromedia.com
137806,Simone Masham,smasham1h@gnu.org
460887,Benjie Bentke,bbentke1i@unblog.fr
440772,Cosetta O'Cannovane,cocannovane1j@de.vu
560472,Daniele Demonge,ddemonge1k@salon.com
778755,Nancey Alwin,nalwin1l@webs.com
623476,Danette McKellar,dmckellar1m@psu.edu
787999,Gerome Bengle,gbengle1n@cam.ac.uk
632902,Burl De Robertis,bde1o@paypal.com
566062,Carolyne Gronno,cgronno1p@ovh.net
876792,Farand Thorneley,fthorneley1q@tinypic.com
960508,Sheff Donaghie,sdonaghie1r@twitpic.com
662861,Boigie Klain,bklain1s@cargocollective.com
666124,Anabal Melbert,amelbert1t@surveymonkey.com
701777,Moria Pexton,mpexton1u@imageshack.us
534897,Fields Idiens,fidiens1v@archive.org
74793,Vail Hibbart,vhibbart1w@usatoday.com
622986,Sophia Ivanuschka,sivanuschka1x@alibaba.com
480021,Eal McInnerny,emcinnerny1y@sfgate.com
261608,Rey Baudy,rbaudy1z@dailymotion.com
500147,Carol-jean Alred,calred20@deviantart.com
456916,Idalina Boulton,iboulton21@foxnews.com
737086,Xylia Abbots,xabbots22@slashdot.org
236796,Albrecht Loachhead,aloachhead23@histats.com
294601,Trenna Doodson,tdoodson24@unblog.fr
446020,Benoite Butte,bbutte25@example.com
604674,Jessalin Stranaghan,jstranaghan26@businessinsider.com
461367,Ciel Pentecust,cpentecust27@slate.com
285148,Belia Butter,bbutter28@senate.gov
164198,Darell Rapo,drapo29@stanford.edu
730190,Morgun Milner,mmilner2a@nationalgeographic.com
251033,Marius Carlisso,mcarlisso2b@twitpic.com
711742,Janessa Gilbertson,jgilbertson2c@facebook.com
540193,Livvie De la Yglesia,lde2d@apache.org
155828,Egbert Pellington,epellington2e@unc.edu
134914,Valaree Dyster,vdyster2f@utexas.edu
826192,Gwenny Don,gdon2g@fastcompany.com
667860,Claus Maffulli,cmaffulli2h@example.com
568331,Saunder Jesse,sjesse2i@mediafire.com
212542,Hunt Whistlecraft,hwhistlecraft2j@usnews.com
533480,Jourdan Heelis,jheelis2k@abc.net.au
660627,Shannen Gethouse,sgethouse2l@mediafire.com
657169,Cozmo Coniam,cconiam2m@digg.com
209257,Nicko Roullier,nroullier2n@phoca.cz
864024,Trisha Brightie,tbrightie2o@youtu.be
804675,Alfredo Dobrowlski,adobrowlski2p@topsy.com
203540,Thomasine Hansill,thansill2q@boston.com
364113,Berne Cawson,bcawson2r@sakura.ne.jp
463577,Onfre Beveredge,obeveredge2s@wsj.com
841756,Burnard Walby,bwalby2t@scribd.com
90574,Clayton Sizeland,csizeland2u@globo.com
176706,Dav Tunnoch,dtunnoch2v@issuu.com
560149,Dall Blampy,dblampy2w@dyndns.org
395664,Romain Partridge,rpartridge2x@geocities.jp
641346,Alair Upcott,aupcott2y@answers.com
156870,Mabel Nethercott,mnethercott2z@wordpress.com
336657,Caril Pakenham,cpakenham30@ucoz.ru
835154,Colette Boggas,cboggas31@geocities.com
845247,Augustine Flitcroft,aflitcroft32@phoca.cz
594161,Morlee Rubinowitch,mrubinowitch33@auda.org.au
933195,Adamo Kilgallon,akilgallon34@naver.com
529265,Cosimo McWhirter,cmcwhirter35@hubpages.com
157281,Mada Jelley,mjelley36@biglobe.ne.jp
633487,Allyce Jime,ajime37@apple.com
22707,Yasmeen Castanaga,ycastanaga38@mozilla.com
103755,Basil Shevels,bshevels39@i2i.jp
257352,Ilise Moreinis,imoreinis3a@gmpg.org
977822,Elga Perceval,eperceval3b@redcross.org
417584,Fianna Lacelett,flacelett3c@cnbc.com
176248,Olav Bayfield,obayfield3d@alexa.com
741545,Allan Viste,aviste3e@tuttocitta.it
834877,Launce Dunster,ldunster3f@xinhuanet.com
921783,Annabela Bannister,abannister3g@mashable.com
13330,Pepe Duligal,pduligal3h@cocolog-nifty.com
653296,Chrissie Brightwell,cbrightwell3i@imdb.com
320088,Kip Shrawley,kshrawley3j@accuweather.com
672106,Mark Lettley,mlettley3k@1688.com
681224,Jude Bartlomieczak,jbartlomieczak3l@wsj.com
799554,Dorthea MacCafferky,dmaccafferky3m@spotify.com
68946,Salvador McAw,smcaw3n@cnet.com
947712,Ellyn Inkles,einkles3o@printfriendly.com
298873,Darcy Reyne,dreyne3p@free.fr
270621,Nap Rosengarten,nrosengarten3q@nba.com
587286,Kelley Meiningen,kmeiningen3r@phoca.cz
252832,Kleon Yukhtin,kyukhtin3s@myspace.com
200667,Thibaut Lerego,tlerego3t@google.ca
860630,Chane Zaple,czaple3u@scientificamerican.com
364596,Carine Nisen,cnisen3v@thetimes.co.uk
158172,Nikki Wincom,nwincom3w@businesswire.com
613466,Agace Glason,aglason3x@nydailynews.com
249732,Valina Nield,vnield3y@scribd.com
844602,Olag Gibbs,ogibbs3z@hud.gov
755782,Taddeusz Stower,tstower40@yale.edu
908692,Annetta Liven,aliven41@yale.edu
310208,Lilla Hubbucks,lhubbucks42@phoca.cz
594127,Bobine Degoix,bdegoix43@addtoany.com
549048,Tynan Egdal,tegdal44@cnn.com
591732,Colby Wolsey,cwolsey45@domainmarket.com
151446,Killy Pendleton,kpendleton46@cdbaby.com
829011,Merilee Shoulder,mshoulder47@msu.edu
699627,Windham Robrose,wrobrose48@toplist.cz
393815,Helli Youles,hyoules49@japanpost.jp
548264,Trueman Yoodall,tyoodall4a@goo.ne.jp
190609,Katleen Bigley,kbigley4b@slideshare.net
406363,Kania Stearnes,kstearnes4c@etsy.com
171908,Verina Doidge,vdoidge4d@unblog.fr
561639,Caesar Maior,cmaior4e@ovh.net
669344,Huey Wallbridge,hwallbridge4f@zdnet.com
663105,Dode Milch,dmilch4g@issuu.com
997729,Marnia Trebilcock,mtrebilcock4h@qq.com
919038,Chevalier Skellern,cskellern4i@uol.com.br
819962,Martainn Scotts,mscotts4j@xinhuanet.com
969502,Granthem Dobel,gdobel4k@independent.co.uk
129144,Natty Turnor,nturnor4l@phoca.cz
772529,Bradly Deener,bdeener4m@multiply.com
20340,Glenn Trahmel,gtrahmel4n@cnbc.com
638379,Shea Gannon,sgannon4o@nps.gov
441449,Joseph Scardefield,jscardefield4p@etsy.com
668735,Mady MacAloren,mmacaloren4q@fastcompany.com
564202,Ethan Vitler,evitler4r@nba.com
150056,Hart Coulthard,hcoulthard4s@tripod.com
167971,Selma Comizzoli,scomizzoli4t@wordpress.com
294203,Ernest Kindle,ekindle4u@free.fr
679619,Wood Cavil,wcavil4v@last.fm
914516,Thorndike Perle,tperle4w@zimbio.com
795133,Brigg Bassingham,bbassingham4x@auda.org.au
317644,Des Canaan,dcanaan4y@cafepress.com
886807,Willyt Grinnikov,wgrinnikov4z@opera.com
773706,Emmeline Croxley,ecroxley50@studiopress.com
160963,Gustie Rubberts,grubberts51@imageshack.us
801630,Giuseppe Darben,gdarben52@wix.com
98172,Pammie Campelli,pcampelli53@dell.com
627361,Bellanca Marlen,bmarlen54@miitbeian.gov.cn
536905,Had Mullaly,hmullaly55@bloomberg.com
303037,Oliy Belson,obelson56@flavors.me
397330,Cora Treswell,ctreswell57@cbslocal.com
241133,Daniele Coale,dcoale58@bigcartel.com
353622,Raddy Allsup,rallsup59@histats.com
333407,Lydon Pamphilon,lpamphilon5a@yelp.com
388411,Manolo Stadding,mstadding5b@msu.edu
571587,Alvan Grimsey,agrimsey5c@cbc.ca
240525,Lexie Edgeworth,ledgeworth5d@diigo.com
911858,Valentijn Starten,vstarten5e@github.io
278265,Gardner Kite,gkite5f@usa.gov
181061,Cathrine Luesley,cluesley5g@pbs.org
557454,Dennie Lindelof,dlindelof5h@who.int
179202,Carly Coote,ccoote5i@answers.com
35506,Tamar Poad,tpoad5j@msu.edu
389113,Margarette Levene,mlevene5k@cyberchimps.com
977561,Lorrie Pieters,lpieters5l@who.int
471933,Hobart Edmondson,hedmondson5m@hao123.com
32725,Mary Austin,maustin5n@slideshare.net
841915,Jonathon Eighteen,jeighteen5o@thetimes.co.uk
400791,Vikky Sissel,vsissel5p@google.de
261787,Reggy Wingeat,rwingeat5q@craigslist.org
438542,Maryann Palleske,mpalleske5r@rediff.com
687417,Reena McGeachie,rmcgeachie5s@studiopress.com
361099,Janeva Thornton-Dewhirst,jthorntondewhirst5t@intel.com
810113,Pam Poytheras,ppoytheras5u@netlog.com
305936,Ogdan Worden,oworden5v@oracle.com
966610,Hayyim Bootland,hbootland5w@google.it
787618,Nobie Wynrehame,nwynrehame5x@aol.com
608889,Link Ettles,lettles5y@abc.net.au
327059,Izabel Bolderson,ibolderson5z@domainmarket.com
633033,Lazar McCurrie,lmccurrie60@wikimedia.org
960765,Em Boatswain,eboatswain61@gizmodo.com
521575,Jesse Hetterich,jhetterich62@hostgator.com
385386,Gustave McCreary,gmccreary63@weebly.com
104586,Nelson Bonehill,nbonehill64@amazon.co.jp
158326,Renell Ianni,rianni65@senate.gov
869360,Flint Comusso,fcomusso66@gizmodo.com
816565,Erin Teresi,eteresi67@com.com
271838,Matilde Wyer,mwyer68@odnoklassniki.ru
573981,Rayshell Rewan,rrewan69@fastcompany.com
81401,Reinald Turle,rturle6a@intel.com
326046,Myrle Kleinholz,mkleinholz6b@timesonline.co.uk
594449,Benji Thurlbourne,bthurlbourne6c@tinypic.com
694505,Elora Malkinson,emalkinson6d@sciencedirect.com
439844,Editha Eitter,eeitter6e@mapquest.com
364712,Anders Vick,avick6f@xing.com
551653,Nollie Kupec,nkupec6g@geocities.jp
579352,Curtis Kemble,ckemble6h@mozilla.com
682210,Heddi Smorthit,hsmorthit6i@sakura.ne.jp
35098,Maritsa Shaddick,mshaddick6j@squarespace.com
155662,Ailyn Biesty,abiesty6k@infoseek.co.jp
693172,Jorge Dhillon,jdhillon6l@loc.gov
436099,Isaac Knightly,iknightly6m@ibm.com
810565,Cristabel Lynas,clynas6n@sogou.com
956760,Tally Hartzog,thartzog6o@hud.gov
602682,Kurt Busek,kbusek6p@ycombinator.com
259841,Reena Finder,rfinder6q@fda.gov
436060,Alison Sporrij,asporrij6r@geocities.com
107175,Marvin Dubock,mdubock6s@hhs.gov
513407,Sherie Kleis,skleis6t@goodreads.com
623789,Cate Devlin,cdevlin6u@aboutads.info
421265,Van Hardinge,vhardinge6v@wikispaces.com
770490,Jae Backshall,jbackshall6w@cpanel.net
484574,Chase McLachlan,cmclachlan6x@buzzfeed.com
446407,Bessie Charon,bcharon6y@myspace.com
223786,Rosamond Durtnell,rdurtnell6z@wisc.edu
616298,Dav Goadby,dgoadby70@artisteer.com
380301,Leilah Sinclar,lsinclar71@list-manage.com
55115,Rudie Sturm,rsturm72@imgur.com
668954,Granville Tocknell,gtocknell73@cbslocal.com
746356,Michaela Hurlston,mhurlston74@sfgate.com
578042,Gusty Josiah,gjosiah75@nba.com
262395,Kimmy Goff,kgoff76@squidoo.com
877622,Ravid Jimmes,rjimmes77@paginegialle.it
983062,Lucy Livingstone,llivingstone78@dailymotion.com
933843,Tabb Blesdill,tblesdill79@wired.com
522978,Olympia Grimestone,ogrimestone7a@oakley.com
949605,Ursa Brickstock,ubrickstock7b@miitbeian.gov.cn
90489,Kimberlee Reeds,kreeds7c@gnu.org
300639,Billye Caret,bcaret7d@jimdo.com
768312,Siouxie Dufour,sdufour7e@blogtalkradio.com
422641,Sylvester Sinderson,ssinderson7f@rambler.ru
572413,Royce Stokes,rstokes7g@myspace.com
875665,Corina Raynes,craynes7h@t-online.de
6878,Reed Troy,rtroy7i@clickbank.net
570425,Westbrook Tyres,wtyres7j@ezinearticles.com
109158,Erik Chidlow,echidlow7k@networkadvertising.org
153959,Alric Gerson,agerson7l@princeton.edu
475804,Samuel Rymmer,srymmer7m@goo.gl
81272,Serge Reddell,sreddell7n@japanpost.jp
568079,Drud Kildale,dkildale7o@imageshack.us
671627,Burch Regelous,bregelous7p@wunderground.com
575512,Tressa McGuigan,tmcguigan7q@rambler.ru
239153,Michaelina Sustins,msustins7r@dagondesign.com
540138,Abra O'Cannovane,aocannovane7s@naver.com
355153,Lorine Stemp,lstemp7t@intel.com
539174,Shaun Orford,sorford7u@last.fm
689243,Silas Fivey,sfivey7v@behance.net
172524,Prudence Gauford,pgauford7w@squidoo.com
946892,Ozzie Ostler,oostler7x@meetup.com
588297,Barri Garmston,bgarmston7y@oakley.com
728451,Skippie Roberti,sroberti7z@surveymonkey.com
897444,Graeme McArthur,gmcarthur80@linkedin.com
217354,Lawry Derycot,lderycot81@about.com
41431,Magdalene Aldrick,maldrick82@etsy.com
860073,Mina Girk,mgirk83@squarespace.com
462728,Aeriell Penhearow,apenhearow84@cornell.edu
67200,Fredek Durrans,fdurrans85@apple.com
381150,Brice Osbiston,bosbiston86@opera.com
939452,Dore Barkes,dbarkes87@toplist.cz
700931,Kiri Philbin,kphilbin88@blog.com
332713,Yank O'Toole,yotoole89@tamu.edu
427395,Jesus Garroch,jgarroch8a@dailymotion.com
790345,Iago Ackrill,iackrill8b@un.org
412921,Leda Simanenko,lsimanenko8c@tripod.com
455215,Estel Braiden,ebraiden8d@instagram.com
700726,Pattie Abramcik,pabramcik8e@utexas.edu
880832,Rockey Penhalewick,rpenhalewick8f@baidu.com
677261,Cassandry Manoelli,cmanoelli8g@edublogs.org
305772,Kaleb O'Doireidh,kodoireidh8h@wired.com
236464,Petronilla Plowright,pplowright8i@twitter.com
182417,Dreddy Crookshank,dcrookshank8j@sakura.ne.jp
77873,Bili Ewins,bewins8k@histats.com
310235,Howey Parris,hparris8l@nydailynews.com
459709,Spencer Hansbury,shansbury8m@posterous.com
234406,Sadie Rentalll,srentalll8n@telegraph.co.uk
963572,Anabelle Edridge,aedridge8o@google.com
540752,Bobbye Turgoose,bturgoose8p@slate.com
34852,Vivian Dicky,vdicky8q@live.com
932532,Gloriane Scotti,gscotti8r@paypal.com
899262,Dru Eschalette,deschalette8s@nature.com
302950,Margit Uc,muc8t@who.int
573626,Rebeka Teare,rteare8u@yale.edu
2374,Shea Sacchetti,ssacchetti8v@google.de
803140,Rudiger Hebron,rhebron8w@eventbrite.com
977329,Scarlett Grindle,sgrindle8x@hexun.com
11212,Rodi Mesias,rmesias8y@google.ru
520845,Fawne Mogey,fmogey8z@geocities.com
142703,Lida Kirstein,lkirstein90@sphinn.com
714701,Marji Thirlwell,mthirlwell91@aboutads.info
912048,Mano Alejandre,malejandre92@bloomberg.com
490076,Gaylord Herley,gherley93@amazon.com
79966,Daven Devons,ddevons94@typepad.com
856029,Chane Keeble,ckeeble95@free.fr
791866,Trevar Ferrillio,tferrillio96@google.es
43617,Idelle Francescuzzi,ifrancescuzzi97@taobao.com
740993,Keelia Birkby,kbirkby98@jugem.jp
171891,Marthe Gowling,mgowling99@go.com
518907,Korrie Viner,kviner9a@independent.co.uk
369805,Lucius Raise,lraise9b@oakley.com
936490,Matilda Beades,mbeades9c@mtv.com
572207,Jodi Mossman,jmossman9d@taobao.com
238441,Archibaldo Cogle,acogle9e@cyberchimps.com
952106,Britteny Andrzejak,bandrzejak9f@live.com
306945,Rainer Crawley,rcrawley9g@usatoday.com
820124,Shermie Yurocjhin,syurocjhin9h@lycos.com
740883,Novelia Hebborne,nhebborne9i@mediafire.com
594782,Fidela Ellum,fellum9j@wsj.com
446939,Francesco Edson,fedson9k@feedburner.com
999883,Maridel Widdicombe,mwiddicombe9l@ovh.net
118384,Carlyn Pattemore,cpattemore9m@un.org
87239,Seumas Hachette,shachette9n@xrea.com
91183,Nell Hinkes,nhinkes9o@nbcnews.com
319400,Torre Checcucci,tcheccucci9p@independent.co.uk
443259,Alisha Hutchence,ahutchence9q@discovery.com
693134,Maddie Fargher,mfargher9r@amazon.co.jp
449931,Karlotte Borrington,kborrington9s@noaa.gov
508372,Les Ashmore,lashmore9t@bizjournals.com
544042,Mikael Jeaneau,mjeaneau9u@spiegel.de
411394,Hadrian Smails,hsmails9v@cocolog-nifty.com
719029,Lisbeth Swaile,lswaile9w@blinklist.com
510652,Brewster Dubois,bdubois9x@addtoany.com
491064,Lisette Losano,llosano9y@dailymail.co.uk
706247,Audrye Demeza,ademeza9z@independent.co.uk
505295,Eddie Mulbery,emulberya0@prnewswire.com
866157,Janey Streeton,jstreetona1@tamu.edu
698307,Tucky Readman,treadmana2@so-net.ne.jp
703636,Stephie Probat,sprobata3@mac.com
922554,Clay Banting,cbantinga4@smh.com.au
779953,Birch Awdry,bawdrya5@canalblog.com
23434,Merridie Lindeboom,mlindebooma6@mysql.com
591633,Clari Dellow,cdellowa7@businessweek.com
288517,Klara Matthaus,kmatthausa8@networksolutions.com
293871,Johnathon Fardy,jfardya9@foxnews.com
520869,Asher Atchly,aatchlyaa@t.co
576573,Barbabas Farran,bfarranab@gravatar.com
971256,Nessy Lesslie,nlesslieac@cmu.edu
544791,Dennet Reburn,dreburnad@rakuten.co.jp
255056,Alis Toun,atounae@unicef.org
705670,Cosetta Noweak,cnoweakaf@w3.org
625270,Lilias O'Cuddie,locuddieag@instagram.com
77233,Aaron Craven,acravenah@ifeng.com
871472,Zsa zsa Blastock,zzsaai@sciencedaily.com
91855,Carrie Sproston,csprostonaj@oakley.com
707150,Andras Hansmann,ahansmannak@ovh.net
777358,Binny Ebhardt,bebhardtal@aboutads.info
806431,Zonnya Margetson,zmargetsonam@privacy.gov.au
21157,Angelita Svanetti,asvanettian@economist.com
459800,Thia Duddle,tduddleao@usnews.com
911559,Kevyn Hoodlass,khoodlassap@mozilla.org
167764,Wilie Landells,wlandellsaq@reverbnation.com
124745,Lindy Lovett,llovettar@weather.com
132578,Mickie Dongles,mdonglesas@sourceforge.net
287983,Justinn Selwin,jselwinat@pen.io
2287,Pippy Filipov,pfilipovau@hostgator.com
840528,Ettore Bazylets,ebazyletsav@biglobe.ne.jp
45747,Adi Pearcey,apearceyaw@over-blog.com
28833,Conrado Tallman,ctallmanax@webeden.co.uk
513847,Pavla Janovsky,pjanovskyay@ycombinator.com
307638,Lorry Ratter,lratteraz@bing.com
397064,Frederigo Nowell,fnowellb0@webmd.com
101233,Merridie O'Haire,mohaireb1@stanford.edu
869169,Reggi Benneyworth,rbenneyworthb2@studiopress.com
289627,Jarrod Gapp,jgappb3@ox.ac.uk
451800,Frans Sherlaw,fsherlawb4@meetup.com
728210,Bernhard Jerrim,bjerrimb5@bloglovin.com
31698,Mateo Bawdon,mbawdonb6@amazonaws.com
745981,Niki Cox,ncoxb7@auda.org.au
590509,Clea Sargint,csargintb8@hexun.com
376791,Ritchie Melan,rmelanb9@merriam-webster.com
428946,Aldo Beamont,abeamontba@fotki.com
592582,Mattheus Christaeas,mchristaeasbb@china.com.cn
434616,Kassie Strase,kstrasebc@sakura.ne.jp
775380,Calvin Sango,csangobd@gravatar.com
434218,Broderic Luberti,blubertibe@yale.edu
940234,Chloris Lowcock,clowcockbf@virginia.edu
956180,Maryl Shulem,mshulembg@123-reg.co.uk
475011,Rolando Nutbeem,rnutbeembh@webs.com
833468,Fonzie Mc Gee,fmcbi@shutterfly.com
655002,Yovonnda Capper,ycapperbj@nydailynews.com
758122,Leona Coard,lcoardbk@technorati.com
106670,Arda Eckhard,aeckhardbl@latimes.com
138777,Arther Mahaddy,amahaddybm@amazon.co.jp
636762,Ashby Brody,abrodybn@pcworld.com
397546,Lonna Cant,lcantbo@chicagotribune.com
667857,Nixie Vaux,nvauxbp@theglobeandmail.com
647918,Marys Askew,maskewbq@mashable.com
604646,Jervis Sacher,jsacherbr@elegantthemes.com
968694,Bartlet Strood,bstroodbs@twitter.com
27839,Kirsteni Birrell,kbirrellbt@ft.com
664821,Reinold Shadwick,rshadwickbu@independent.co.uk
944045,Natividad Server,nserverbv@wikimedia.org
495664,Bordy De Courtney,bdebw@purevolume.com
764347,Daveta Josebury,djoseburybx@fema.gov
278096,Verge Fenix,vfenixby@indiegogo.com
447854,Diandra Bartholin,dbartholinbz@unblog.fr
622301,Mahalia Winman,mwinmanc0@blogspot.com
151739,Nanny Simla,nsimlac1@tripod.com
819005,Shane Woakes,swoakesc2@sbwire.com
449936,Jennie Burnsell,jburnsellc3@freewebs.com
937839,Alphonse Trimme,atrimmec4@disqus.com
81745,Lillis Langeley,llangeleyc5@wired.com
804405,Dahlia Karslake,dkarslakec6@wikispaces.com
876031,Dyann Kofax,dkofaxc7@storify.com
639400,Caresa Stear,cstearc8@e-recht24.de
906080,Norry Tilt,ntiltc9@arizona.edu
715390,Matt Varndall,mvarndallca@nps.gov
228816,Wilfrid Regenhardt,wregenhardtcb@com.com
212068,Sallyann Chadwen,schadwencc@usa.gov
732518,Therine Whistlecroft,twhistlecroftcd@ning.com
948615,Mathias Treby,mtrebyce@techcrunch.com
453415,Link Longea,llongeacf@t-online.de
615591,Zahara Eliot,zeliotcg@ow.ly
732826,Shannon Leed,sleedch@cbsnews.com
192523,Monika Tremmel,mtremmelci@qq.com
521693,Matilda Sturgeon,msturgeoncj@linkedin.com
106893,Jazmin Hammerberg,jhammerbergck@accuweather.com
754507,Didi Deares,ddearescl@bbc.co.uk
424720,Jazmin Rodd,jroddcm@hc360.com
223837,Yulma Cheasman,ycheasmancn@theglobeandmail.com
792052,Xenos Wilderspoon,xwilderspoonco@sohu.com
458961,Salomi Truin,struincp@aboutads.info
890449,Pamella Carlens,pcarlenscq@irs.gov
785700,Marwin De la croix,mdecr@ucla.edu
189953,Pooh Roath,proathcs@china.com.cn
588222,Alfi Ondra,aondract@hubpages.com
649168,Berenice Gyngyll,bgyngyllcu@examiner.com
343958,Shayne Rojel,srojelcv@sohu.com
211173,Shawna Ingraham,singrahamcw@cdbaby.com
142669,Willie Meier,wmeiercx@cam.ac.uk
423326,Eugine Chagg,echaggcy@nbcnews.com
450957,Darren Sudworth,dsudworthcz@theguardian.com
158784,Katine Hestrop,khestropd0@dot.gov
277191,Sarah Dumbar,sdumbard1@timesonline.co.uk
416817,Clay Tomisch,ctomischd2@omniture.com
83243,Say Ropking,sropkingd3@plala.or.jp
550084,Kassandra Chasney,kchasneyd4@npr.org
640933,Janella McCarthy,jmccarthyd5@tinypic.com
284949,Vivi Macewan,vmacewand6@godaddy.com
478823,Cymbre Capes,ccapesd7@wiley.com
823092,Hirsch Butterfield,hbutterfieldd8@huffingtonpost.com
373320,Theresina Hesbrook,thesbrookd9@msn.com
827491,Christine Jaggli,cjagglida@linkedin.com
936355,Jerrine Wegenen,jwegenendb@smh.com.au
615536,Palmer Comford,pcomforddc@usgs.gov
723911,Syman Le Marchant,sledd@1688.com
339069,Marshall Gittus,mgittusde@a8.net
207029,Bordie Izak,bizakdf@wunderground.com
688826,Constantine Osban,cosbandg@cmu.edu
35967,Gypsy Gabits,ggabitsdh@blogs.com
805927,Giacinta MacGarvey,gmacgarveydi@sogou.com
23511,Colas Drinkhill,cdrinkhilldj@sina.com.cn
335898,Timmie Nussey,tnusseydk@w3.org
692962,Leanora Haug,lhaugdl@simplemachines.org
970007,Brooke Haime,bhaimedm@wp.com
104024,Benjamin Barnsdall,bbarnsdalldn@addtoany.com
612274,Garfield MacKeogh,gmackeoghdo@sogou.com
708191,Joyce Sesons,jsesonsdp@miibeian.gov.cn
427752,Pen Gennerich,pgennerichdq@booking.com
381266,Christian Shotbolt,cshotboltdr@ameblo.jp
984760,Fee Coste,fcosteds@yellowbook.com
5217,Kipp Gettens,kgettensdt@prnewswire.com
234056,Joli Margach,jmargachdu@wix.com
797891,Carrol Marquiss,cmarquissdv@blinklist.com
552496,Layton Mohring,lmohringdw@friendfeed.com
330530,Annabal Diable,adiabledx@networkadvertising.org
710985,Ethyl Lorraway,elorrawaydy@w3.org
160139,Josefina Mewe,jmewedz@japanpost.jp
324424,Talbot Kehoe,tkehoee0@ucoz.com
92040,Alexio Whitfield,awhitfielde1@house.gov
317421,Maxy Buckner,mbucknere2@bravesites.com
197197,Kellia Pollington,kpollingtone3@marriott.com
736661,Kimberli Hargreave,khargreavee4@geocities.com
354199,Lucia Eate,leatee5@answers.com
824410,Cybill Reasce,creascee6@naver.com
179715,Brook Gowen,bgowene7@twitpic.com
263165,Demetrius Carlo,dcarloe8@mac.com
705908,Bessy Freed,bfreede9@dell.com
906130,Christopher Dollar,cdollarea@cmu.edu
713909,Pollyanna Barrows,pbarrowseb@engadget.com
320882,Joanne Possell,jpossellec@nationalgeographic.com
664777,Marya Schulke,mschulkeed@liveinternet.ru
770884,Marshall Whaley,mwhaleyee@facebook.com
192235,Clyde Hornung,chornungef@icio.us
770588,Philippa Marciek,pmarciekeg@irs.gov
815361,Burch Brandacci,bbrandaccieh@whitehouse.gov
736255,Rheta Laviste,rlavisteei@un.org
509814,Webster Ableson,wablesonej@bing.com
503187,Benita Murthwaite,bmurthwaiteek@unblog.fr
47292,Noble Matschoss,nmatschossel@wp.com
887072,Noelyn Havard,nhavardem@xrea.com
798380,Korrie Lloyd,klloyden@rambler.ru
941593,Darbie Hayller,dhayllereo@gov.uk
673508,Bartolomeo Chedgey,bchedgeyep@digg.com
567098,Herrick Rayman,hraymaneq@whitehouse.gov
268953,Catrina Songust,csonguster@amazonaws.com
902577,Norris Courtney,ncourtneyes@fastcompany.com
967782,Mariana Huck,mhucket@cdbaby.com
264616,Elaine Davidavidovics,edavidavidovicseu@php.net
485618,Aurthur Boldison,aboldisonev@ed.gov
540323,Nathan Rivilis,nrivilisew@house.gov
602350,Waylon Sheriff,wsheriffex@abc.net.au
579941,Duncan Hulles,dhullesey@senate.gov
186292,Merrilee Cuddihy,mcuddihyez@discuz.net
279749,Ashely Baguley,abaguleyf0@whitehouse.gov
412932,Malina Grafhom,mgrafhomf1@merriam-webster.com
855501,Susette Jeanesson,sjeanessonf2@hp.com
726744,Vina Disbury,vdisburyf3@clickbank.net
707788,Ondrea Casperri,ocasperrif4@google.cn
783283,Janey Heimes,jheimesf5@networkadvertising.org
646082,Ardith Moyles,amoylesf6@1688.com
354169,Gilburt Skep,gskepf7@columbia.edu
979531,Remus McIllroy,rmcillroyf8@skyrock.com
563891,Lauree Alenichicov,lalenichicovf9@columbia.edu
417467,Reyna Prydden,rpryddenfa@miitbeian.gov.cn
241247,Ailene Caverhill,acaverhillfb@weebly.com
829612,Di Kilfeder,dkilfederfc@altervista.org
507133,Billi Aim,baimfd@plala.or.jp
446740,Janean Binning,jbinningfe@w3.org
822631,Rollie Crayden,rcraydenff@va.gov
650882,Loria Guilliatt,lguilliattfg@jiathis.com
276480,Genna Windybank,gwindybankfh@php.net
729555,Jessee Legendre,jlegendrefi@topsy.com
390265,Freemon Widmoor,fwidmoorfj@squidoo.com
799936,Leonie Rodd,lroddfk@auda.org.au
697701,Dall Crossingham,dcrossinghamfl@yandex.ru
731560,Susannah Inold,sinoldfm@over-blog.com
495062,Nadya Duddy,nduddyfn@eventbrite.com
855752,Gaelan Calbrathe,gcalbrathefo@va.gov
101043,Kiele Bilt,kbiltfp@liveinternet.ru
363889,Sergei Mehew,smehewfq@si.edu
746833,Tonye Blazynski,tblazynskifr@tumblr.com
246352,Oswald McGillivray,omcgillivrayfs@gizmodo.com
16884,Martha Lots,mlotsft@vimeo.com
841450,Jaquenette Chaim,jchaimfu@nasa.gov
537972,Sigfrid Forlong,sforlongfv@answers.com
904837,Emmalyn Points,epointsfw@ebay.com
780070,Rosaleen Sciusscietto,rsciussciettofx@miitbeian.gov.cn
362179,Dalston Osment,dosmentfy@xing.com
745165,Neely Whitsey,nwhitseyfz@apple.com
950878,Hamid Deverill,hdeverillg0@blogspot.com
806952,Beau Vineall,bvineallg1@google.de
696962,Amabelle Halksworth,ahalksworthg2@discovery.com
793980,Veradis Hardi,vhardig3@geocities.jp
934495,Amalie Whitby,awhitbyg4@topsy.com
375413,Dion Siely,dsielyg5@pbs.org
295953,Geoff Betjeman,gbetjemang6@e-recht24.de
876827,Alon Ruzek,aruzekg7@yahoo.com
466387,Stephenie Kochel,skochelg8@weibo.com
858691,Duff Ivatt,divattg9@walmart.com
114144,Padgett Braunton,pbrauntonga@usnews.com
719518,Mae Whellams,mwhellamsgb@amazon.co.uk
49349,Alverta Gilliland,agillilandgc@friendfeed.com
37373,Rachelle Tamburo,rtamburogd@bloglovin.com
683235,Daffy Mowsdale,dmowsdalege@cdc.gov
60905,Dollie Petrie,dpetriegf@ucla.edu
257022,Sofia Possek,spossekgg@google.it
139346,Nalani Darkin,ndarkingh@blogtalkradio.com
827739,Rodolph Fosdyke,rfosdykegi@salon.com
123656,Essie Duplain,eduplaingj@deviantart.com
618035,Read Ham,rhamgk@naver.com
852597,Fancie Milverton,fmilvertongl@apple.com
176603,Nara McWhirter,nmcwhirtergm@domainmarket.com
27455,Chaddie Ferryn,cferryngn@whitehouse.gov
299458,Carin Marcone,cmarconego@adobe.com
534359,Wyn Bumby,wbumbygp@oakley.com
364129,Marilee Ccomini,mccominigq@youtube.com
407823,Maitilde Lamond,mlamondgr@answers.com
276855,Penni Antao,pantaogs@usnews.com
457551,Sherri Dyott,sdyottgt@photobucket.com
609035,Fitzgerald Duce,fducegu@kickstarter.com
217477,Hillie Catherick,hcatherickgv@mapquest.com
28310,Felecia Ions,fionsgw@flavors.me
712788,Lyman Duxbarry,lduxbarrygx@dell.com
931455,Ronni Pellew,rpellewgy@nydailynews.com
486439,Beaufort De Bell,bdegz@purevolume.com
432850,Hugues Verick,hverickh0@yellowpages.com
322316,Koralle Wrought,kwroughth1@blogspot.com
994255,Alister Brunicke,abrunickeh2@ask.com
44701,Ruddy Winear,rwinearh3@forbes.com
770744,Doyle Flohard,dflohardh4@narod.ru
495227,Carmelle Blamphin,cblamphinh5@wikia.com
388001,Alford Dorton,adortonh6@digg.com
990729,Tess Brownsill,tbrownsillh7@chicagotribune.com
57231,Dorey Lethlay,dlethlayh8@vinaora.com
945216,Clementine Dixcee,cdixceeh9@twitpic.com
678386,Pancho Brunicke,pbrunickeha@fda.gov
943927,Elsey Couper,ecouperhb@gov.uk
908953,Sayre Van Son,svanhc@de.vu
829930,Gretna Dow,gdowhd@twitter.com
75046,Vitia Betteson,vbettesonhe@hc360.com
176550,Kore Dunster,kdunsterhf@quantcast.com
287170,Maia Chappell,mchappellhg@bing.com
29325,Sigfried Hearnes,shearneshh@eventbrite.com
427757,Arty Satterly,asatterlyhi@rediff.com
873626,Schuyler Skinley,sskinleyhj@bravesites.com
483617,Kata Titchen,ktitchenhk@parallels.com
955036,Milicent Cortnay,mcortnayhl@hud.gov
402078,Ari Todarini,atodarinihm@oracle.com
267825,Dino Cressey,dcresseyhn@free.fr
948557,Edwin Daintry,edaintryho@oakley.com
126884,Ranna Perrott,rperrotthp@irs.gov
284376,Katha Ell,kellhq@prweb.com
78162,Violante Worsalls,vworsallshr@newsvine.com
439591,Zahara Vedyashkin,zvedyashkinhs@addtoany.com
368429,Jacquenetta Braundt,jbraundtht@squidoo.com
96733,Andi Baalham,abaalhamhu@newyorker.com
13518,Claudian Marlor,cmarlorhv@ehow.com
162165,Calley Siemantel,csiemantelhw@ustream.tv
189354,Carr Copin,ccopinhx@ow.ly
239077,Agneta Jencken,ajenckenhy@drupal.org
880723,Livvy Sketh,lskethhz@yelp.com
416479,Beverie Jiggens,bjiggensi0@techcrunch.com
122132,Marcela Odeson,modesoni1@oracle.com
11319,Phaidra Davenport,pdavenporti2@psu.edu
187510,Gena Duke,gdukei3@w3.org
527939,Evangelina Murrthum,emurrthumi4@ox.ac.uk
99459,Marleen De Cruz,mdei5@yandex.ru
272316,Pearla Richardsson,prichardssoni6@theglobeandmail.com
570458,Jerald Poxson,jpoxsoni7@phpbb.com
6837,Candis Birtle,cbirtlei8@census.gov
971430,Maurie Corringham,mcorringhami9@alexa.com
632797,Sheela Chazette,schazetteia@geocities.jp
855611,Mandel Burgin,mburginib@archive.org
975531,Beverley Baumann,bbaumannic@hexun.com
588692,Sandor McMakin,smcmakinid@sitemeter.com
611053,Dania Metcalfe,dmetcalfeie@mayoclinic.com
815644,Doralin McRonald,dmcronaldif@boston.com
286370,Johny Bampford,jbampfordig@shareasale.com
47828,Lyle Goodman,lgoodmanih@ed.gov
473971,Onfroi Grelka,ogrelkaii@nsw.gov.au
262402,Daisy Flew,dflewij@privacy.gov.au
421101,Omero Filippo,ofilippoik@scribd.com
751047,Nikolai Malter,nmalteril@samsung.com
869964,Giraldo Breese,gbreeseim@g.co
119085,Germaine Eringey,geringeyin@mtv.com
68893,Elnore Kiera,ekieraio@apple.com
594942,Jock Espy,jespyip@theglobeandmail.com
29026,Brier Wootton,bwoottoniq@forbes.com
577978,Bronson Gusney,bgusneyir@spiegel.de
182827,Misti Emanson,memansonis@nationalgeographic.com
190750,Jaime Spurritt,jspurrittit@accuweather.com
88384,Cordelia Garrique,cgarriqueiu@mediafire.com
308231,Iorgo Morefield,imorefieldiv@nature.com
514027,Roshelle McVitty,rmcvittyiw@fema.gov
592328,Ginni Bryant,gbryantix@examiner.com
496905,Wood Reolfo,wreolfoiy@free.fr
949375,Nobe Gelly,ngellyiz@tripadvisor.com
635333,Kimball Luscombe,kluscombej0@de.vu
382286,Catharina Fishbourne,cfishbournej1@tripod.com
568690,Gerry Barette,gbarettej2@cbslocal.com
379675,Pip Ungerer,pungererj3@china.com.cn
847079,Joan Samways,jsamwaysj4@princeton.edu
222898,Nels Mistry,nmistryj5@acquirethisname.com
701637,Benedick Duhig,bduhigj6@wsj.com
802879,Westley Deverell,wdeverellj7@trellian.com
22641,Webster Sirmond,wsirmondj8@tmall.com
92674,Naomi Sisneros,nsisnerosj9@who.int
472278,Clarance Forcade,cforcadeja@blinklist.com
218575,Ruthi Audrey,raudreyjb@i2i.jp
747173,Halli Kuban,hkubanjc@unc.edu
885785,Hercules Tunna,htunnajd@phoca.cz
110520,Cosmo Semour,csemourje@chronoengine.com
121759,Putnem Broune,pbrounejf@mediafire.com
876827,Dasya Zaniolini,dzaniolinijg@edublogs.org
210161,Seana Bradman,sbradmanjh@salon.com
55314,Harry McEntegart,hmcentegartji@nasa.gov
866234,Thayne Lohde,tlohdejj@devhub.com
350903,Winny Lennard,wlennardjk@mozilla.com
957752,Fred Ranshaw,franshawjl@spotify.com
571803,Pansie Ciobotaru,pciobotarujm@reverbnation.com
103057,Cesaro Edworthye,cedworthyejn@joomla.org
609349,Gloria Scowcroft,gscowcroftjo@sourceforge.net
492523,Lucienne Gilyatt,lgilyattjp@linkedin.com
881825,Mavra Petkovic,mpetkovicjq@japanpost.jp
629057,Torie Demanche,tdemanchejr@nytimes.com
640708,Hilde Peacock,hpeacockjs@cnn.com
227792,Josie Deuss,jdeussjt@ovh.net
411531,Lauren Hains,lhainsju@stanford.edu
339299,Karl Erridge,kerridgejv@google.cn
162035,Kacy Lewsley,klewsleyjw@netlog.com
241281,Friedrick Cressy,fcressyjx@ning.com
856024,Bar Iltchev,biltchevjy@examiner.com
434284,Reade Llorente,rllorentejz@cnet.com
848590,Gabriel Briand,gbriandk0@odnoklassniki.ru
962546,Ursola Westrey,uwestreyk1@shinystat.com
617351,Celestyna Sumner,csumnerk2@weibo.com
246894,Josy Bearn,jbearnk3@reverbnation.com
299055,Veronique Shawel,vshawelk4@prlog.org
282514,Elbertina Perkin,eperkink5@hibu.com
646108,Fidelia Millyard,fmillyardk6@smugmug.com
353882,Constantino Paddy,cpaddyk7@time.com
952182,Collie Capeling,ccapelingk8@squidoo.com
723429,Ernesto Royan,eroyank9@creativecommons.org
100071,Elysia Peerman,epeermanka@4shared.com
960272,Carilyn Rosel,croselkb@digg.com
179564,Devland Millery,dmillerykc@theatlantic.com
447719,Emyle Gheorghe,egheorghekd@usa.gov
95580,Skylar Birrane,sbirraneke@tiny.cc
475200,Jon Caroll,jcarollkf@harvard.edu
897983,Patrick Hollindale,phollindalekg@illinois.edu
169867,Skipper Pratt,sprattkh@bbc.co.uk
608371,Tynan Bignal,tbignalki@youtu.be
1168,Cirstoforo Fourcade,cfourcadekj@delicious.com
439883,Lilias Pole,lpolekk@prlog.org
273413,Kris Lapre,klaprekl@amazonaws.com
840664,Patrice Tuminelli,ptuminellikm@example.com
547138,Lennie Gapper,lgapperkn@xing.com
533105,Hamlen Gass,hgassko@patch.com
816993,Wald Readwin,wreadwinkp@i2i.jp
656419,Haskel Simic,hsimickq@godaddy.com
469824,Willetta Harwood,wharwoodkr@4shared.com
886695,Anatol Whoolehan,awhoolehanks@scribd.com
591627,Finn Peracco,fperaccokt@hatena.ne.jp
257042,Karena Bertram,kbertramku@google.com
630980,Rozina McNerlin,rmcnerlinkv@canalblog.com
77293,Miguel Scarborough,mscarboroughkw@hibu.com
560431,Cyrus Schuchmacher,cschuchmacherkx@mashable.com
678217,Noble Andreasen,nandreasenky@google.com.br
95550,Uri Sturrock,usturrockkz@cnbc.com
911656,Dode Itzhak,ditzhakl0@moonfruit.com
362681,Braden Bragg,bbraggl1@intel.com
544139,Erica MacPaden,emacpadenl2@godaddy.com
113373,Murvyn Gordon,mgordonl3@spotify.com
325409,Raven Florence,rflorencel4@symantec.com
387101,Waldon Harlick,wharlickl5@themeforest.net
439376,Zacharia Ellings,zellingsl6@wordpress.com
543405,Casar Sich,csichl7@reuters.com
580132,Johnny Vedeneev,jvedeneevl8@blogspot.com
911739,Ellis McVicar,emcvicarl9@tinyurl.com
550199,Linette Frudd,lfruddla@google.co.jp
397840,Barbette Collinson,bcollinsonlb@nih.gov
989812,Grier Cothey,gcotheylc@ucsd.edu
783289,Fidole Haley,fhaleyld@cmu.edu
631870,Marylynne Tomenson,mtomensonle@nytimes.com
732837,Payton Stroder,pstroderlf@moonfruit.com
343767,Britte Madison,bmadisonlg@blog.com
32451,Mari McSharry,mmcsharrylh@hibu.com
154583,Durant Standish-Brooks,dstandishbrooksli@gizmodo.com
14776,Joycelin Dagon,jdagonlj@reference.com
692216,Poul Pelos,ppeloslk@thetimes.co.uk
946511,Jaimie Rossetti,jrossettill@earthlink.net
224594,Candra Gallanders,cgallanderslm@newyorker.com
98894,Braden MacKeogh,bmackeoghln@nytimes.com
738982,Kingston Condon,kcondonlo@forbes.com
604602,Beau Pummery,bpummerylp@cnbc.com
369851,Loleta Fairhurst,lfairhurstlq@omniture.com
141438,Flossie Asser,fasserlr@weather.com
52836,Roselia O'Scanlon,roscanlonls@wufoo.com
535432,Louella Hasser,lhasserlt@example.com
824164,Jody Stood,jstoodlu@whitehouse.gov
297430,Horacio De Mars,hdelv@sciencedaily.com
917736,Demetria Saull,dsaulllw@typepad.com
623772,Alvis Matterface,amatterfacelx@seesaa.net
425336,Jonah Salasar,jsalasarly@liveinternet.ru
292829,Carmela Barzen,cbarzenlz@dot.gov
510143,Beret Rumble,brumblem0@opera.com
662348,Tremayne Rableau,trableaum1@weebly.com
951186,Enoch Eilers,eeilersm2@fda.gov
139670,Gates Orgee,gorgeem3@wordpress.com
743173,Freddie Gilstoun,fgilstounm4@woothemes.com
844140,Blaine Cottill,bcottillm5@who.int
453888,Marigold Skaife,mskaifem6@pcworld.com
211556,Elysha Matyashev,ematyashevm7@cnbc.com
122425,Wendell Dooly,wdoolym8@pbs.org
986773,Elmer Hursthouse,ehursthousem9@tiny.cc
848253,Kamila Cornils,kcornilsma@ox.ac.uk
372702,Boyce Hawkes,bhawkesmb@foxnews.com
988572,Austen Backhurst,abackhurstmc@drupal.org
359330,Inglis Learmount,ilearmountmd@dailymail.co.uk
458254,Corby Burriss,cburrissme@cnn.com
20506,Della Sarge,dsargemf@aboutads.info
147666,Wileen Jachimczak,wjachimczakmg@wunderground.com
948435,John Ondrusek,jondrusekmh@studiopress.com
723839,Ambrosi Beggio,abeggiomi@cmu.edu
66515,Gordy Wilsone,gwilsonemj@e-recht24.de
615319,Laureen Benthall,lbenthallmk@simplemachines.org
98067,Leola Bampkin,lbampkinml@weather.com
400536,Guillemette Arthey,gartheymm@loc.gov
687731,Tristan Cantle,tcantlemn@icq.com
158657,Jens Harrowing,jharrowingmo@cnn.com
996673,Codee Treadwell,ctreadwellmp@pbs.org
301518,Christy Gronav,cgronavmq@gnu.org
403185,Verine Dobbs,vdobbsmr@jalbum.net
614257,Caspar Haime,chaimems@google.es
696713,Ansell Maddams,amaddamsmt@kickstarter.com
803956,Gerrard Jiracek,gjiracekmu@tripod.com
618592,Gaylene Naile,gnailemv@symantec.com
315205,Phil Skipsea,pskipseamw@wikipedia.org
405880,Sauveur Mulvaney,smulvaneymx@hp.com
399928,Marlowe MacCaig,mmaccaigmy@blogspot.com
99627,Astra Lytton,alyttonmz@accuweather.com
333639,Clare Bolley,cbolleyn0@buzzfeed.com
552988,Ignazio Darragh,idarraghn1@youtu.be
159152,Alwyn Hulland,ahullandn2@senate.gov
84408,Derrick Drennan,ddrennann3@yellowbook.com
133901,Cristine Biswell,cbiswelln4@samsung.com
404851,Viole Slemmonds,vslemmondsn5@artisteer.com
177680,Talbot Dunmore,tdunmoren6@photobucket.com
924695,Sarette Seeborne,sseebornen7@marketwatch.com
459798,Karylin Velti,kveltin8@washingtonpost.com
666820,Crin Denver,cdenvern9@kickstarter.com
780073,Maris Pryell,mpryellna@xrea.com
38814,Silvia Brunelli,sbrunellinb@tiny.cc
86728,Sheffie Knighton,sknightonnc@slideshare.net
931684,Winfield Jehu,wjehund@altervista.org
961826,Roberta Kerridge,rkerridgene@indiegogo.com
31008,Hew Plunkett,hplunkettnf@blogs.com
487058,Zarla Sebright,zsebrightng@timesonline.co.uk
651766,Nat Cockayme,ncockaymenh@merriam-webster.com
46034,Barby Hercock,bhercockni@jiathis.com
207887,Sari MacLardie,smaclardienj@ucla.edu
882163,Jonis Simoes,jsimoesnk@jalbum.net
218003,Zaneta Deeny,zdeenynl@imageshack.us
650273,Ranique Gear,rgearnm@dell.com
757483,Violette Camosso,vcamossonn@1und1.de
943240,Betsy Blaxton,bblaxtonno@slate.com
711310,Tobit Duxfield,tduxfieldnp@yale.edu
818399,Stanislaw Noades,snoadesnq@whitehouse.gov
623356,Maribelle Zemler,mzemlernr@skyrock.com
954310,Sigvard Dainty,sdaintyns@hibu.com
317208,Korey Kondrachenko,kkondrachenkont@dot.gov
584482,Sondra Langforth,slangforthnu@indiegogo.com
520624,Cristine Matheson,cmathesonnv@sogou.com
828920,Brig Ranking,brankingnw@macromedia.com
635380,Cecilio Denacamp,cdenacampnx@unblog.fr
554016,Genni Popworth,gpopworthny@altervista.org
447107,Teresina Doe,tdoenz@de.vu
46469,Trescha Hamprecht,thamprechto0@deviantart.com
27713,Dalenna Vidloc,dvidloco1@patch.com
351449,Penelopa Pine,ppineo2@xing.com
28775,Reynolds Figger,rfiggero3@amazon.de
521595,Elli Iamittii,eiamittiio4@sbwire.com
554071,Parry McGaughey,pmcgaugheyo5@dedecms.com
986004,Cass Benettelli,cbenettellio6@xinhuanet.com
396642,Hamlin Watsam,hwatsamo7@va.gov
836810,Hermann Morat,hmorato8@nationalgeographic.com
799988,Sherye Persian,spersiano9@jigsy.com
82234,Nedi Koschek,nkoschekoa@biglobe.ne.jp
275885,Karry Tinston,ktinstonob@kickstarter.com
983477,Torry Drabble,tdrabbleoc@livejournal.com
395095,Corella Niblock,cniblockod@baidu.com
358010,Connie Zorzenoni,czorzenonioe@digg.com
150498,Devan Dornan,ddornanof@bluehost.com
168483,Gardner De Malchar,gdeog@youtube.com
359067,Bryon Cometto,bcomettooh@va.gov
863392,Malcolm Radeliffe,mradeliffeoi@163.com
187596,Maridel Brechin,mbrechinoj@un.org
351910,Hallsy Ayree,hayreeok@people.com.cn
422504,Zilvia McEntagart,zmcentagartol@miibeian.gov.cn
554599,Morganica Aimer,maimerom@marketwatch.com
778338,Rebekah Porcher,rporcheron@mapy.cz
334454,Adamo McElwee,amcelweeoo@about.me
891161,Quinn Dowsey,qdowseyop@delicious.com
265331,Itch Lichfield,ilichfieldoq@yale.edu
625373,Vivyanne McKeaveney,vmckeaveneyor@cocolog-nifty.com
65648,Waite Goldson,wgoldsonos@howstuffworks.com
864213,Wald Sodo,wsodoot@cornell.edu
437272,Peg Felstead,pfelsteadou@yolasite.com
530600,Aubrette Philipp,aphilippov@sourceforge.net
159160,Olva Twiggins,otwigginsow@simplemachines.org
185320,Bertrand Wiltshire,bwiltshireox@nationalgeographic.com
407416,Millicent Garforth,mgarforthoy@soup.io
709194,Sally Faulkner,sfaulkneroz@tinyurl.com
780239,Amata Slyde,aslydep0@jigsy.com
809526,Fan Stairmond,fstairmondp1@yandex.ru
369612,Gare Ilbert,gilbertp2@networkadvertising.org
129497,Zebadiah Alpes,zalpesp3@theatlantic.com
856431,Abbe Bront,abrontp4@bandcamp.com
506493,Renell Cossell,rcossellp5@amazon.de
803394,Chantalle Larimer,clarimerp6@apache.org
373384,Honey Downes,hdownesp7@plala.or.jp
72720,Lucita Mendoza,lmendozap8@posterous.com
71271,Jeremiah Blaydes,jblaydesp9@apache.org
227079,Chic Seller,csellerpa@pinterest.com
715355,Mariana Mangham,mmanghampb@imdb.com
444029,Marv Jorgesen,mjorgesenpc@w3.org
431713,Del Yushachkov,dyushachkovpd@earthlink.net
395228,Hakim Shier,hshierpe@oracle.com
585529,Gerrilee Silverthorne,gsilverthornepf@ucla.edu
861937,Gerti Castagne,gcastagnepg@shareasale.com
319577,Obediah Yes,oyesph@china.com.cn
414426,Joeann Schuler,jschulerpi@sakura.ne.jp
597488,Chane Wilcocke,cwilcockepj@ezinearticles.com
911089,Charo Thrustle,cthrustlepk@scribd.com
607117,Kerrin Challes,kchallespl@soup.io
475145,Arly Pring,apringpm@ft.com
145248,Devin Bullivent,dbulliventpn@cpanel.net
864810,Bernette Buchett,bbuchettpo@nih.gov
218203,Allyn Govenlock,agovenlockpp@miibeian.gov.cn
570731,Michaeline Licari,mlicaripq@wp.com
723351,Shandie Tym,stympr@ning.com
272449,Charyl Minchenton,cminchentonps@chronoengine.com
834444,Hermon Hannon,hhannonpt@jigsy.com
358040,Pearle Henkmann,phenkmannpu@tuttocitta.it
329243,Tessy Scaplehorn,tscaplehornpv@drupal.org
834857,Devonne Leaning,dleaningpw@nationalgeographic.com
289467,Hubey Foran,hforanpx@spiegel.de
89029,Inness Connikie,iconnikiepy@ow.ly
899679,Inge Fonquernie,ifonquerniepz@squidoo.com
835354,Alika Bank,abankq0@over-blog.com
516849,Clyve Limeburner,climeburnerq1@nature.com
516317,Adrian D'Oyly,adoylyq2@storify.com
285576,Franzen Hammond,fhammondq3@whitehouse.gov
719345,Nichole Nunes Nabarro,nnunesq4@aol.com
361756,Liliane Feeney,lfeeneyq5@chron.com
889514,Gaston Saint,gsaintq6@hostgator.com
780686,Caria Cordaroy,ccordaroyq7@csmonitor.com
330711,Paul Bavin,pbavinq8@de.vu
356601,Dare Purkins,dpurkinsq9@paypal.com
479799,Michal Gildroy,mgildroyqa@nsw.gov.au
313464,Vanny Guyers,vguyersqb@bloglovin.com
26910,Reeta Graysmark,rgraysmarkqc@ox.ac.uk
459466,Concordia Smeed,csmeedqd@taobao.com
450200,Durant Hush,dhushqe@w3.org
36814,Oswell Guion,oguionqf@discovery.com
622656,Lishe Tivenan,ltivenanqg@friendfeed.com
442738,Patrizia Druce,pdruceqh@creativecommons.org
211562,Shirlene Lazarus,slazarusqi@wired.com
370406,Korey Smallbone,ksmallboneqj@ftc.gov
669786,Diannne Groll,dgrollqk@hubpages.com
151812,Leila Coverlyn,lcoverlynql@samsung.com
752754,Derrik Jandera,djanderaqm@timesonline.co.uk
277470,Cassandry Foss,cfossqn@bloglovin.com
404131,Doralia Budgeon,dbudgeonqo@google.fr
478922,Addie Briddock,abriddockqp@bbb.org
354402,Jefferey Jeffels,jjeffelsqq@clickbank.net
507890,Fredrika Cersey,fcerseyqr@oaic.gov.au
36736,Cristal De Brett,cdeqs@cam.ac.uk
899543,Stanislaw Burgoine,sburgoineqt@bandcamp.com
236317,Pippo Bank,pbankqu@ft.com
591146,Jenna Elph,jelphqv@jigsy.com
67382,Chicky Hartup,chartupqw@yellowpages.com
885270,Lilia Kember,lkemberqx@toplist.cz
212990,Wanids Pottinger,wpottingerqy@studiopress.com
574450,Nelia Donaway,ndonawayqz@histats.com
228269,Clementia Woodhall,cwoodhallr0@theatlantic.com
382170,Nance Planke,nplanker1@godaddy.com
622700,Pat Earie,pearier2@t-online.de
786095,Appolonia Keuneke,akeuneker3@ihg.com
996727,Carlos Yedy,cyedyr4@friendfeed.com
495498,Jacky Gameson,jgamesonr5@google.it
958205,Mallory Saville,msaviller6@dot.gov
772073,Ailis Wiltshier,awiltshierr7@addthis.com
434326,Christian Hoggins,chogginsr8@state.gov
515256,Adaline Thorndycraft,athorndycraftr9@unesco.org
867224,Mychal Beardon,mbeardonra@amazon.co.uk
728730,Shanan Suddards,ssuddardsrb@qq.com
946675,Nana Swyer-Sexey,nswyersexeyrc@cisco.com
818911,Vite Pocke,vpockerd@hibu.com
451974,Isabel Sallery,isalleryre@comcast.net
873182,Elana Matissoff,ematissoffrf@walmart.com
704692,Corny Trighton,ctrightonrg@yale.edu
437267,Gregg Heliar,gheliarrh@spiegel.de
890576,Zolly Hatrick,zhatrickri@dot.gov
694570,Barri Vanetti,bvanettirj@topsy.com
78853,Kelsey Crinkley,kcrinkleyrk@scribd.com
869825,Zebulon Rewcastle,zrewcastlerl@nifty.com
919047,Shurwood Nowak,snowakrm@booking.com
228605,Victoria Carvell,vcarvellrn@noaa.gov
722306,Tammi Bulteel,tbulteelro@uiuc.edu
597128,Niko Rawles,nrawlesrp@seesaa.net
225071,Avrit Eltringham,aeltringhamrq@soup.io
442741,Pepito Hallums,phallumsrr@wikispaces.com
