SupplierID,SupplierName,SupplierEmail
602189,Fania Deary,fdeary0@cisco.com
217431,Cathrin Cottom,ccottom1@weibo.com
233698,Timmy Windrass,twindrass2@deviantart.com
483825,Scarlett Ketcher,sketcher3@phoca.cz
437378,Trescha Krysztofiak,tkrysztofiak4@newsvine.com
44082,Georgeanna Starkey,gstarkey5@marketwatch.com
831051,Cathleen Bamling,cbamling6@scribd.com
29317,Morganica Parkman,mparkman7@desdev.cn
425140,Nancee Fitter,nfitter8@phpbb.com
705855,Edmund Pardue,epardue9@admin.ch
158921,Eugen Pigny,epignya@phoca.cz
539931,Joanna Minico,jminicob@webs.com
298138,Olivette Edscer,oedscerc@feedburner.com
688730,Benoit Breckell,bbreckelld@icq.com
449568,Norrie Blagdon,nblagdone@nbcnews.com
954498,Teressa Britten,tbrittenf@un.org
451308,Anitra Baswall,abaswallg@bandcamp.com
994174,Farlee McQuilliam,fmcquilliamh@flavors.me
233725,Jacynth Raper,jraperi@mac.com
484842,Johan Lande,jlandej@google.com.hk
500956,Clementius Jirek,cjirekk@icq.com
935281,Peggi Retallick,pretallickl@rambler.ru
265134,Shena Brockwell,sbrockwellm@hc360.com
595708,Elizabeth Avramovitz,eavramovitzn@networkadvertising.org
885492,Karoly Foden,kfodeno@google.co.jp
23234,Jo ann Wendover,jannp@github.com
394969,Janek La Vigne,jlaq@sina.com.cn
555367,Shalom Ruddiman,sruddimanr@biblegateway.com
862373,Petrina Gallaher,pgallahers@aboutads.info
5893,Salvidor Adamczewski,sadamczewskit@cnbc.com
127499,Pearce Crookshank,pcrookshanku@hatena.ne.jp
137789,Tabitha Withinshaw,twithinshawv@archive.org
240231,Robin Yearron,ryearronw@surveymonkey.com
684141,Alicea Loody,aloodyx@uiuc.edu
167650,Paten Rikkard,prikkardy@ihg.com
419558,Derick Dymond,ddymondz@tripod.com
717114,Brandais Dilks,bdilks10@oracle.com
111361,Lodovico Solomonides,lsolomonides11@slashdot.org
502797,Anestassia Russan,arussan12@xinhuanet.com
970325,Amalita Courtin,acourtin13@gravatar.com
156659,Justus Kitcatt,jkitcatt14@squarespace.com
661535,Lanni Gunda,lgunda15@yahoo.com
63077,Anselm Whitwell,awhitwell16@si.edu
188750,Ansley Ragdale,aragdale17@smugmug.com
514367,Carlie Martinho,cmartinho18@businesswire.com
494659,Pen Ferro,pferro19@wordpress.com
899051,Orelee Guichard,oguichard1a@uol.com.br
571529,Chandra Goulston,cgoulston1b@oracle.com
238785,Milo Doghartie,mdoghartie1c@amazon.co.jp
160900,Hieronymus Jakoubek,hjakoubek1d@nhs.uk
473121,Klaus Dibden,kdibden1e@tripadvisor.com
351214,Jilleen Baughan,jbaughan1f@cmu.edu
766540,Molli Elmar,melmar1g@craigslist.org
929275,Tarrance Dukelow,tdukelow1h@npr.org
548474,Ham Flintuff,hflintuff1i@google.co.uk
195476,Fletch Duffy,fduffy1j@1und1.de
277553,Albrecht Booton,abooton1k@jugem.jp
849209,Aigneis Tuma,atuma1l@eventbrite.com
552164,Mignon Plaister,mplaister1m@over-blog.com
69304,Winni Norheny,wnorheny1n@cnbc.com
170984,Mandie Moiser,mmoiser1o@cyberchimps.com
115898,Wallis Harriot,wharriot1p@apple.com
638415,Mehetabel Agus,magus1q@yelp.com
872398,Morlee Jubb,mjubb1r@surveymonkey.com
916272,Niko Ilbert,nilbert1s@meetup.com
345869,Quent Johansson,qjohansson1t@furl.net
464292,Livia Oolahan,loolahan1u@google.it
631575,Jonah MacGiany,jmacgiany1v@ustream.tv
424986,Abigale Ciccarelli,aciccarelli1w@gravatar.com
617157,Gal Seres,gseres1x@chicagotribune.com
772954,Goldarina Yateman,gyateman1y@twitpic.com
310342,Jan O'Donnell,jodonnell1z@ed.gov
372802,Walther Meriel,wmeriel20@loc.gov
918028,Fabien Grabb,fgrabb21@indiatimes.com
598196,Tildi Bantock,tbantock22@cornell.edu
708400,Ira Hanscomb,ihanscomb23@dot.gov
436585,Cordey Brandone,cbrandone24@pen.io
419351,Lian Sneller,lsneller25@ucla.edu
363666,Darrin Bauman,dbauman26@deviantart.com
608022,Sarina Tieraney,stieraney27@eepurl.com
163357,Pia Tunny,ptunny28@zimbio.com
752001,Ottilie Garrood,ogarrood29@pcworld.com
205093,Sidonnie Thomasen,sthomasen2a@bravesites.com
343082,Honoria Barizeret,hbarizeret2b@soup.io
390190,Stoddard Woodnutt,swoodnutt2c@amazon.com
713725,Haley Abrami,habrami2d@webmd.com
322719,Renae Bignold,rbignold2e@yelp.com
510670,Lexi Pudan,lpudan2f@about.me
128518,Freddie Dovermann,fdovermann2g@com.com
421664,Marinna Peever,mpeever2h@google.it
36752,Raine Wyldbore,rwyldbore2i@liveinternet.ru
653057,Erhard Pascho,epascho2j@pinterest.com
587354,Krishnah McCroary,kmccroary2k@artisteer.com
45756,Hazel Lyall,hlyall2l@ameblo.jp
611460,Tomasine Tabb,ttabb2m@hugedomains.com
440912,Ingra Dockwra,idockwra2n@deliciousdays.com
137201,Skip Conre,sconre2o@nasa.gov
243040,Constance Erni,cerni2p@hexun.com
115076,James Newlove,jnewlove2q@buzzfeed.com
312166,Idaline Marlow,imarlow2r@hhs.gov
483055,Jayne Riveles,jriveles2s@army.mil
714569,Si McCallam,smccallam2t@army.mil
167374,Alexa Laurie,alaurie2u@digg.com
712999,Christoffer Emmitt,cemmitt2v@cbslocal.com
640162,Darsie De Winton,dde2w@blogtalkradio.com
117399,Hans Jorck,hjorck2x@answers.com
49751,Garland Trippitt,gtrippitt2y@washington.edu
651097,Derwin Iannello,diannello2z@cocolog-nifty.com
493415,Ruthie Lamasna,rlamasna30@free.fr
537303,Bobbette Clynter,bclynter31@imgur.com
424432,Cybill Kirwin,ckirwin32@xing.com
500970,Aubert Burras,aburras33@engadget.com
612971,Kincaid McBrearty,kmcbrearty34@networkadvertising.org
768236,Mahmud Alflat,malflat35@mapquest.com
835345,Spenser Jimeno,sjimeno36@netlog.com
789219,Bevvy Cabbell,bcabbell37@craigslist.org
349179,Seana Cullrford,scullrford38@icq.com
101162,Wrennie Chaman,wchaman39@skype.com
627583,Faber Elks,felks3a@dot.gov
727098,Cathyleen Trevarthen,ctrevarthen3b@miibeian.gov.cn
293249,Jemmie Roget,jroget3c@so-net.ne.jp
24598,Dacie Firminger,dfirminger3d@123-reg.co.uk
831573,Zack Normandale,znormandale3e@oakley.com
77046,Cassandry Escritt,cescritt3f@yahoo.com
333388,Odilia Wardington,owardington3g@salon.com
425135,Abramo Clowney,aclowney3h@adobe.com
997848,Timmy Lambdin,tlambdin3i@homestead.com
514752,Rosemaria Pond,rpond3j@ezinearticles.com
485776,Olenolin Dries,odries3k@webnode.com
667010,Rycca Ridesdale,rridesdale3l@marketwatch.com
299805,Ferrell Gallihawk,fgallihawk3m@51.la
282394,Patrice Ridehalgh,pridehalgh3n@pinterest.com
504710,Ame Pavolillo,apavolillo3o@blinklist.com
65890,Korrie Wyeld,kwyeld3p@irs.gov
423144,Lida Lindeman,llindeman3q@netvibes.com
398474,Lainey Coghlin,lcoghlin3r@who.int
311053,Aurelea Pearmine,apearmine3s@kickstarter.com
75416,Lyell Cave,lcave3t@mayoclinic.com
666819,Elga Hattrick,ehattrick3u@chronoengine.com
524512,Stefan Masse,smasse3v@slate.com
869230,Aimee Brou,abrou3w@slashdot.org
503270,Faulkner Nattriss,fnattriss3x@army.mil
591767,Cole Wolfarth,cwolfarth3y@pcworld.com
659510,Clarinda Bannister,cbannister3z@hud.gov
826827,Korey Birkby,kbirkby40@photobucket.com
488400,Briggs Lavarack,blavarack41@miitbeian.gov.cn
653105,Harlan Stuehmeyer,hstuehmeyer42@google.com.br
330947,Nico MacTavish,nmactavish43@springer.com
953200,Rachel Marini,rmarini44@tuttocitta.it
455328,Gilemette Marlor,gmarlor45@unc.edu
433157,Clara Treagust,ctreagust46@harvard.edu
319120,Mellicent Pirot,mpirot47@cpanel.net
154586,Brice Redferne,bredferne48@usa.gov
348957,Nehemiah Westmoreland,nwestmoreland49@epa.gov
155389,Ericka Drabble,edrabble4a@engadget.com
598950,Rhonda Drewell,rdrewell4b@linkedin.com
691871,Arley Akenhead,aakenhead4c@bluehost.com
610142,Antonietta Jodlkowski,ajodlkowski4d@vk.com
272473,Milli Cullrford,mcullrford4e@nsw.gov.au
193616,Annora Coveley,acoveley4f@parallels.com
450043,Lacee Stampfer,lstampfer4g@nytimes.com
685637,Raymund MacDougal,rmacdougal4h@bravesites.com
261212,Sabra Haslegrave,shaslegrave4i@1und1.de
689978,Paolina Argent,pargent4j@ted.com
347910,Alane English,aenglish4k@geocities.jp
274817,Dimitri Griffen,dgriffen4l@sun.com
221869,Colline Sreenan,csreenan4m@who.int
369692,Jillayne Denyukin,jdenyukin4n@wunderground.com
800846,Adi Gilhouley,agilhouley4o@usnews.com
112329,Roscoe Frangione,rfrangione4p@wsj.com
647697,Franny Pigrome,fpigrome4q@domainmarket.com
308127,Jacintha Tomkinson,jtomkinson4r@ebay.com
678562,Lucienne Krahl,lkrahl4s@youtube.com
669817,Nerty McClinton,nmcclinton4t@goodreads.com
589714,Perkin Dy,pdy4u@jugem.jp
447171,Judie Scholtis,jscholtis4v@goodreads.com
639815,Joan Ilett,jilett4w@lycos.com
509455,Mei Goalby,mgoalby4x@jalbum.net
742440,Nikkie Eliff,neliff4y@networkadvertising.org
790515,Bekki Connor,bconnor4z@bing.com
873680,Arman Millbank,amillbank50@chicagotribune.com
141589,Jedidiah Pietruszka,jpietruszka51@zdnet.com
56802,Tiphany Hudspith,thudspith52@storify.com
855639,Toiboid Chester,tchester53@house.gov
487880,Jazmin Jaggard,jjaggard54@samsung.com
419324,Sharla Cowlas,scowlas55@com.com
362081,Darya Doughton,ddoughton56@bigcartel.com
354182,Roch Wadlow,rwadlow57@ning.com
122111,Calv Piddlehinton,cpiddlehinton58@shinystat.com
647344,Lydie Flintiff,lflintiff59@aol.com
578659,Maribel Jimmes,mjimmes5a@hubpages.com
521314,Ricardo Bocken,rbocken5b@youtube.com
892029,Phillis Swyer-Sexey,pswyersexey5c@wufoo.com
453451,Delcina Crat,dcrat5d@mayoclinic.com
467104,Ilysa Aves,iaves5e@harvard.edu
507350,Elroy Hoonahan,ehoonahan5f@disqus.com
510136,Hashim Limb,hlimb5g@multiply.com
218184,Talia Pirri,tpirri5h@redcross.org
178008,Adelina Welling,awelling5i@discovery.com
302528,Chas Arnott,carnott5j@ibm.com
878572,Lesly Paridge,lparidge5k@usatoday.com
861363,Vidovik Aizikowitz,vaizikowitz5l@dot.gov
912564,Nannette Coye,ncoye5m@wunderground.com
476123,Shirlene Sones,ssones5n@google.com.au
724828,Tremayne Callander,tcallander5o@lulu.com
680893,Harp Yurkin,hyurkin5p@alibaba.com
635418,Lucius Jope,ljope5q@apple.com
480465,Hildy Daile,hdaile5r@cafepress.com
919883,Lynelle Lowndsbrough,llowndsbrough5s@miibeian.gov.cn
523799,Si Broad,sbroad5t@ibm.com
162780,Marcelia Gomar,mgomar5u@google.fr
162767,Chantal Ferraron,cferraron5v@state.tx.us
248256,Moria Clute,mclute5w@odnoklassniki.ru
950206,Bartolomeo Mabbott,bmabbott5x@fda.gov
243451,Henriette Perham,hperham5y@home.pl
884207,Arnie Rilton,arilton5z@xing.com
802192,Roy Riditch,rriditch60@mapy.cz
32583,Birdie Spawforth,bspawforth61@ucsd.edu
65206,Angy Oak,aoak62@usda.gov
614985,Dennet MacAlpyne,dmacalpyne63@wunderground.com
211687,Nissy Peaden,npeaden64@tinypic.com
480221,Shelia Lascell,slascell65@wikipedia.org
742739,Rachel Manser,rmanser66@umich.edu
147674,Jule Landal,jlandal67@exblog.jp
865110,Layney Cathery,lcathery68@comcast.net
862296,Agnese Philcott,aphilcott69@ihg.com
913510,Eleanor Shalcros,eshalcros6a@discovery.com
827325,Merrily Carloni,mcarloni6b@intel.com
64614,Madonna Scutter,mscutter6c@dropbox.com
609386,Leigh Jirek,ljirek6d@seesaa.net
799865,Minerva Spadazzi,mspadazzi6e@nbcnews.com
555903,Ricky Darragh,rdarragh6f@omniture.com
290950,Isidro Ruggen,iruggen6g@yelp.com
853282,Alexandre Cadigan,acadigan6h@archive.org
355573,Selene Adaway,sadaway6i@blogtalkradio.com
303445,Bar Sleicht,bsleicht6j@foxnews.com
896475,Susana Pattemore,spattemore6k@nytimes.com
714984,Corby Chapple,cchapple6l@1688.com
232853,Walker De Ferrari,wde6m@umn.edu
704907,Scarface Niese,sniese6n@ocn.ne.jp
194747,Geoffrey Gatland,ggatland6o@telegraph.co.uk
986168,Vicki Allanson,vallanson6p@uol.com.br
72686,Myrah Roz,mroz6q@over-blog.com
370692,Eustace Allanby,eallanby6r@com.com
145217,Ferdie Cordier,fcordier6s@shutterfly.com
214961,Aarika Elstow,aelstow6t@ed.gov
639508,Otis Sanzio,osanzio6u@alexa.com
902139,Adan Atwool,aatwool6v@4shared.com
702484,Emilie Coldridge,ecoldridge6w@ox.ac.uk
628359,Pincus Bancroft,pbancroft6x@npr.org
933366,Percival Saunders,psaunders6y@nymag.com
696081,Faina Napoli,fnapoli6z@cbc.ca
28845,Tedie Ghilks,tghilks70@admin.ch
998686,Raoul Gulvin,rgulvin71@purevolume.com
22229,Cirilo Kitchen,ckitchen72@freewebs.com
932815,Perla Quinell,pquinell73@barnesandnoble.com
490299,Northrup Donnachie,ndonnachie74@mediafire.com
208675,Misty Zannutti,mzannutti75@google.pl
91351,Gretchen Stoltz,gstoltz76@businessweek.com
858669,Blondie Whitehouse,bwhitehouse77@gnu.org
731807,Garrek Alliot,galliot78@omniture.com
193702,Pasquale Groarty,pgroarty79@cmu.edu
678863,Skippie Baron,sbaron7a@51.la
307115,Vernen Francois,vfrancois7b@baidu.com
677473,Rosana Cromleholme,rcromleholme7c@xrea.com
952253,Errick Gladdis,egladdis7d@ca.gov
119289,Susy Dod,sdod7e@bravesites.com
436307,Gay Gealle,ggealle7f@meetup.com
889252,Corabelle Bathoe,cbathoe7g@smugmug.com
677858,Theresina Evered,tevered7h@wsj.com
609222,Erica Sherratt,esherratt7i@hc360.com
814217,Duncan Edmondson,dedmondson7j@1688.com
676068,Yancey Hartil,yhartil7k@theguardian.com
905019,Sal Scotcher,sscotcher7l@squarespace.com
320974,Tandi Brockbank,tbrockbank7m@bloglovin.com
149887,Sanford Popham,spopham7n@is.gd
149581,Roseanna Wild,rwild7o@feedburner.com
438934,Sydney Artinstall,sartinstall7p@shareasale.com
141311,Isabel Rice,irice7q@i2i.jp
615810,Merilyn de Savery,mde7r@vimeo.com
838727,Ceciley Goggin,cgoggin7s@wordpress.com
277049,Brandea Hickford,bhickford7t@nsw.gov.au
665110,Daphna McColl,dmccoll7u@gmpg.org
168459,Iris Lydon,ilydon7v@youtu.be
168438,Chryste Challenger,cchallenger7w@earthlink.net
257705,Isadora Brou,ibrou7x@angelfire.com
746354,Cheri Empson,cempson7y@123-reg.co.uk
480815,Margy Mullin,mmullin7z@trellian.com
688599,Sky Llewellyn,sllewellyn80@theguardian.com
512971,Carena Bootyman,cbootyman81@mediafire.com
920268,Marion Ibeson,mibeson82@sun.com
775442,Gilles Needs,gneeds83@linkedin.com
242365,Olga Woollaston,owoollaston84@over-blog.com
479226,Dalt Wandrich,dwandrich85@si.edu
492643,Philipa Risso,prisso86@howstuffworks.com
806490,Kenton Flockhart,kflockhart87@phpbb.com
264864,Dolli Michal,dmichal88@booking.com
913211,Anjanette Futcher,afutcher89@spotify.com
396856,Bobbie Tithacott,btithacott8a@accuweather.com
879016,Iain Gregorowicz,igregorowicz8b@huffingtonpost.com
491815,Windy Sextone,wsextone8c@furl.net
260544,Viviene Tabourin,vtabourin8d@comcast.net
557277,Venus Jonas,vjonas8e@devhub.com
979238,Noellyn McGraith,nmcgraith8f@weather.com
905713,Annalise Wingate,awingate8g@prlog.org
409748,Bria McAster,bmcaster8h@archive.org
674325,James Cranton,jcranton8i@de.vu
724819,Timofei Colby,tcolby8j@blogger.com
789076,Kurt Orrick,korrick8k@networkadvertising.org
480248,Guss Crumbie,gcrumbie8l@mapquest.com
803684,Lyn Widdison,lwiddison8m@hostgator.com
238218,Ariadne Dossett,adossett8n@cisco.com
656476,Victor Fieldstone,vfieldstone8o@mayoclinic.com
730482,Chickie Fakeley,cfakeley8p@howstuffworks.com
149249,Payton Prandoni,pprandoni8q@bloomberg.com
548896,Ebeneser Wedderburn,ewedderburn8r@usda.gov
348214,Bobbi Jutson,bjutson8s@census.gov
324436,Lonna Moresby,lmoresby8t@gravatar.com
766995,Lolita Struan,lstruan8u@tiny.cc
930125,Emmy Clausner,eclausner8v@bbb.org
718254,Richmond Volette,rvolette8w@slate.com
917053,Boot Daveridge,bdaveridge8x@thetimes.co.uk
937290,Steffen Mytton,smytton8y@phpbb.com
78980,Kermit Betser,kbetser8z@abc.net.au
975112,Lane Ghelarducci,lghelarducci90@jigsy.com
61807,Horten Mellsop,hmellsop91@admin.ch
320049,Gradey Tickle,gtickle92@booking.com
182168,Dee Banyard,dbanyard93@tinyurl.com
963116,Drona Pratten,dpratten94@biblegateway.com
740235,Colene Thacke,cthacke95@ebay.co.uk
973935,Kris Hampe,khampe96@ifeng.com
723896,Neils Antonioni,nantonioni97@joomla.org
202987,Darby Attree,dattree98@google.fr
684084,Loralie Weathers,lweathers99@seattletimes.com
116678,Sharon Kindread,skindread9a@opensource.org
37351,Ekaterina Paulson,epaulson9b@home.pl
969120,Mavra McInnery,mmcinnery9c@who.int
694591,Tasia Spall,tspall9d@istockphoto.com
932022,Junia Dawidowicz,jdawidowicz9e@businessweek.com
636356,Darya Hanbury-Brown,dhanburybrown9f@state.tx.us
437667,Paulita Taggett,ptaggett9g@google.cn
772824,Odelle Casaroli,ocasaroli9h@dot.gov
324792,Gusta Sinnie,gsinnie9i@ehow.com
520038,Portia Lehrmann,plehrmann9j@independent.co.uk
826241,Oralie Steers,osteers9k@comcast.net
236859,Auguste Whitsey,awhitsey9l@multiply.com
55257,Lowe Ranfield,lranfield9m@zdnet.com
224396,Mindy Goodge,mgoodge9n@examiner.com
758504,Byrom Carrick,bcarrick9o@google.ru
714648,Demetri O'Looney,dolooney9p@reference.com
404479,Theobald Blazeby,tblazeby9q@apache.org
196081,Florie Gosz,fgosz9r@vimeo.com
897167,Camila Dreye,cdreye9s@yelp.com
184694,Lyda Snepp,lsnepp9t@sciencedaily.com
127807,Viki Achromov,vachromov9u@tmall.com
814063,Simonne Leroux,sleroux9v@sfgate.com
442808,Hy MacIlhagga,hmacilhagga9w@toplist.cz
719993,Steward Stainfield,sstainfield9x@devhub.com
498608,Daile Wylie,dwylie9y@sina.com.cn
403200,Dena MacIlurick,dmacilurick9z@sfgate.com
130992,Britteny Cutforth,bcutfortha0@barnesandnoble.com
335189,Joell Garnsworthy,jgarnsworthya1@privacy.gov.au
710694,Egor Birdsall,ebirdsalla2@paypal.com
752266,Aubert Pheasey,apheaseya3@shinystat.com
420750,Tildie Yeell,tyeella4@chicagotribune.com
210681,Vidovic Colliard,vcolliarda5@usatoday.com
569743,Tobie Dibden,tdibdena6@wordpress.org
543535,Jacklyn Ragbourn,jragbourna7@dion.ne.jp
675036,Amandy Davidai,adavidaia8@addthis.com
824551,Lowe Blunsum,lblunsuma9@nationalgeographic.com
50938,Carlota Neilands,cneilandsaa@example.com
640068,Lanny Highnam,lhighnamab@icq.com
287627,Maud Dahmke,mdahmkeac@altervista.org
357972,Rowen Whetson,rwhetsonad@diigo.com
428261,Abigale Pitsall,apitsallae@a8.net
142672,Filippa Shearmer,fshearmeraf@dropbox.com
671562,Kerry Bickford,kbickfordag@msu.edu
186405,Lorenza Mote,lmoteah@cdc.gov
486297,Fredrick Goble,fgobleai@symantec.com
715572,Myrvyn Harnwell,mharnwellaj@house.gov
494858,Deanna Lorentzen,dlorentzenak@bloglines.com
309425,Ingeborg Littleover,ilittleoveral@163.com
648180,Lyell Lauderdale,llauderdaleam@cisco.com
269131,Catie Oswald,coswaldan@cisco.com
711146,Codie O'Heneghan,coheneghanao@photobucket.com
205614,Killy Lambkin,klambkinap@ovh.net
414729,Russ St. John,rstaq@npr.org
312595,Hanan Allday,halldayar@icq.com
461409,Carolynn Entres,centresas@adobe.com
874027,Stefa Panks,spanksat@craigslist.org
173654,Angelique Guyonneau,aguyonneauau@example.com
503532,Ina Fayter,ifayterav@whitehouse.gov
342852,Cathy Agg,caggaw@sohu.com
410916,Nico Alway,nalwayax@sogou.com
305757,Annadiane Plak,aplakay@shop-pro.jp
432338,Juliet Roebottom,jroebottomaz@army.mil
853666,Ollie Raith,oraithb0@studiopress.com
585143,Kaitlynn Brownlie,kbrownlieb1@hao123.com
872570,Yehudit Cotillard,ycotillardb2@t.co
494161,Dew Harrismith,dharrismithb3@issuu.com
861992,Rose Odegaard,rodegaardb4@macromedia.com
407215,Berti Stucke,bstuckeb5@bandcamp.com
964323,Ricky Tuffin,rtuffinb6@ted.com
330233,Lanni Tomadoni,ltomadonib7@opensource.org
886872,Aili Croisdall,acroisdallb8@umich.edu
24539,Leland McNeice,lmcneiceb9@princeton.edu
360121,Park Hamblett,phamblettba@narod.ru
127002,Tremaine Bluett,tbluettbb@yahoo.co.jp
737981,Hugibert Tschirschky,htschirschkybc@angelfire.com
449134,Arnaldo Lalor,alalorbd@cnbc.com
473178,Derek Kilmartin,dkilmartinbe@ask.com
814987,Hyacintha Dashkovich,hdashkovichbf@time.com
993121,Shirleen Chudleigh,schudleighbg@mayoclinic.com
673595,Kakalina Wolffers,kwolffersbh@samsung.com
595611,Averill Hatherleigh,ahatherleighbi@indiegogo.com
199489,Perry Reape,preapebj@dropbox.com
232882,Toby Gamblin,tgamblinbk@dedecms.com
635798,Bar Sherrard,bsherrardbl@imageshack.us
732259,Flint Cote,fcotebm@oracle.com
152202,Mariska Alderwick,malderwickbn@google.de
764575,Elisha Faughnan,efaughnanbo@sourceforge.net
224789,Sollie Hamlington,shamlingtonbp@issuu.com
88924,Blanca Martinello,bmartinellobq@mayoclinic.com
295795,Indira Letrange,iletrangebr@nytimes.com
285767,Korrie McGrale,kmcgralebs@howstuffworks.com
747881,Weston McMurtyr,wmcmurtyrbt@php.net
645954,Vida MacKenzie,vmackenziebu@hugedomains.com
794805,Nico Overthrow,noverthrowbv@ftc.gov
689536,Clem Palin,cpalinbw@guardian.co.uk
871106,Hansiain Eaglen,heaglenbx@discovery.com
561739,Enrica Pandie,epandieby@trellian.com
732434,Tallie McLarnon,tmclarnonbz@123-reg.co.uk
524104,Hurley Champney,hchampneyc0@weibo.com
191578,Nathalie Rehme,nrehmec1@symantec.com
730886,Clim Peasey,cpeaseyc2@twitpic.com
410848,Diane Ipsley,dipsleyc3@photobucket.com
640643,Melisande Amner,mamnerc4@newyorker.com
816355,Nicki Forsard,nforsardc5@harvard.edu
510417,Ezri Insley,einsleyc6@acquirethisname.com
194690,Teddy Bellini,tbellinic7@cbslocal.com
3004,Arabela Fetteplace,afetteplacec8@oaic.gov.au
376267,Perry Freiberg,pfreibergc9@spotify.com
62251,Cornall Whitley,cwhitleyca@de.vu
939158,Ave Digginson,adigginsoncb@w3.org
508744,Kimball Dietsche,kdietschecc@networksolutions.com
938653,Alisander Starrs,astarrscd@plala.or.jp
728824,Rosanna Murty,rmurtyce@pinterest.com
91803,Guglielmo Thomassin,gthomassincf@cloudflare.com
902738,Pam McKechnie,pmckechniecg@wix.com
915948,Bradford Otterwell,botterwellch@hostgator.com
635385,Darsie Wards,dwardsci@bloglines.com
756525,Ilsa Thomesson,ithomessoncj@businessweek.com
207115,Marchall Duckfield,mduckfieldck@i2i.jp
467289,Marissa Grut,mgrutcl@tripadvisor.com
830790,Margarita Cunnell,mcunnellcm@scientificamerican.com
351649,Abigail Smalcombe,asmalcombecn@theguardian.com
312847,Guinna Pactat,gpactatco@opensource.org
54311,Perkin Slaght,pslaghtcp@1688.com
401153,Ilise Lescop,ilescopcq@sphinn.com
877210,Waylen Cockerham,wcockerhamcr@dedecms.com
1682,Michaella Murcutt,mmurcuttcs@ameblo.jp
201148,Wood Clementet,wclementetct@house.gov
981697,Beverlee Turpie,bturpiecu@tmall.com
697301,Che Bollans,cbollanscv@blogs.com
306173,Ringo Casellas,rcasellascw@discovery.com
398945,Alvin Leatherbarrow,aleatherbarrowcx@intel.com
570069,Gillian Villiers,gvillierscy@google.nl
941703,Joelly Griffey,jgriffeycz@telegraph.co.uk
756371,Marjy Jerke,mjerked0@ning.com
4546,Tan Tille,ttilled1@myspace.com
60715,Jozef Moncreif,jmoncreifd2@vistaprint.com
330647,Max Gorton,mgortond3@economist.com
540667,Sherline Schule,sschuled4@biglobe.ne.jp
14094,Ozzy Keightley,okeightleyd5@sitemeter.com
92115,Zorah Hinz,zhinzd6@shareasale.com
440030,Travus Scotchbourouge,tscotchbourouged7@narod.ru
110672,Clemmie Suttell,csuttelld8@360.cn
997685,Christy Gildea,cgildead9@smugmug.com
548404,Jody Wehnerr,jwehnerrda@people.com.cn
312954,Shannen Aupol,saupoldb@so-net.ne.jp
762835,Ceil Tomkies,ctomkiesdc@mac.com
684822,Florella Roggeman,froggemandd@1688.com
259707,Daisi Itzkovwich,ditzkovwichde@jimdo.com
171410,Haily Dansie,hdansiedf@arstechnica.com
121687,Tracey Vaissiere,tvaissieredg@hhs.gov
609908,Alina Samples,asamplesdh@amazon.co.uk
647965,Dalila Feore,dfeoredi@patch.com
975869,Irving Pawelec,ipawelecdj@walmart.com
898695,Caril Westnage,cwestnagedk@alibaba.com
592696,Aurthur Hearon,ahearondl@nhs.uk
676940,Marshal Benham,mbenhamdm@disqus.com
273204,Ingram Norgate,inorgatedn@cisco.com
905515,Dorie Petrashkov,dpetrashkovdo@seattletimes.com
541575,Blane Somerville,bsomervilledp@gravatar.com
587140,Wilt La Grange,wladq@purevolume.com
579133,Joseito Ofen,jofendr@mayoclinic.com
178319,Alysia Bampforth,abampforthds@dell.com
910841,Paxton Mattiuzzi,pmattiuzzidt@naver.com
626565,Engelbert Oglethorpe,eoglethorpedu@virginia.edu
167199,Jeanine Swynfen,jswynfendv@behance.net
893822,Gwendolin Harrigan,gharrigandw@myspace.com
856344,Kailey Lonnon,klonnondx@time.com
920157,Eve Guisby,eguisbydy@chicagotribune.com
492593,Alfonso Burnapp,aburnappdz@aol.com
233133,Celine Joysey,cjoyseye0@ask.com
922013,Aretha Alf,aalfe1@ehow.com
410573,Tommy Brik,tbrike2@illinois.edu
7736,Dory Wesker,dweskere3@cam.ac.uk
408903,Edgar Sterley,esterleye4@cyberchimps.com
978313,Lise Priter,lpritere5@state.tx.us
322587,Mead McGeechan,mmcgeechane6@wikimedia.org
171920,Giralda Brisard,gbrisarde7@sciencedaily.com
235716,Junette Gittoes,jgittoese8@noaa.gov
625215,Evangelina Salomon,esalomone9@nyu.edu
474731,Alano Trevear,atrevearea@google.com.br
263725,Wilbert August,waugusteb@pcworld.com
54500,Ally Cowins,acowinsec@nifty.com
268333,Wyn Laydel,wlaydeled@usgs.gov
498341,Kliment Todd,ktoddee@geocities.com
714158,Mariam Sleeny,msleenyef@wikia.com
68834,Taddeo Banbrook,tbanbrookeg@moonfruit.com
582350,Massimiliano Gittoes,mgittoeseh@pagesperso-orange.fr
516258,Karim Itzchaky,kitzchakyei@wordpress.com
950543,Gigi Micco,gmiccoej@scientificamerican.com
265855,Brinna Thrush,bthrushek@squidoo.com
804605,Sutton Tyzack,styzackel@chronoengine.com
885522,Lanny Chatan,lchatanem@cocolog-nifty.com
361745,Becka Barhem,bbarhemen@economist.com
298622,Fania Stanborough,fstanborougheo@nbcnews.com
202537,Zorana Hullins,zhullinsep@blogtalkradio.com
588477,Fleming Da Costa,fdaeq@mysql.com
710002,Wilone Nuemann,wnuemanner@nifty.com
557624,Tersina Chifney,tchifneyes@free.fr
786425,Nathan Golsthorp,ngolsthorpet@ask.com
62732,Rockey Rackham,rrackhameu@redcross.org
749624,Teddy Witter,twitterev@foxnews.com
338945,Ilka Knoller,iknollerew@paginegialle.it
625319,Welbie Scimonelli,wscimonelliex@fastcompany.com
864701,Kalina Herculeson,kherculesoney@ycombinator.com
591750,Brody Ing,bingez@addthis.com
763106,Chilton Ricciardi,cricciardif0@pinterest.com
334619,Iorgos MacCollom,imaccollomf1@vk.com
982425,Hildagarde Chadwin,hchadwinf2@columbia.edu
83691,Winnie De Mitri,wdef3@studiopress.com
651821,Dita Scrowson,dscrowsonf4@meetup.com
121958,Kimball MacSorley,kmacsorleyf5@biblegateway.com
53227,Padriac Filoniere,pfilonieref6@mlb.com
718768,Cristian Regina,creginaf7@bbb.org
828267,Fitz Yallowley,fyallowleyf8@nifty.com
430521,Cati Bigrigg,cbigriggf9@histats.com
945167,Bernhard Antos,bantosfa@hibu.com
547270,Chevy Koch,ckochfb@google.pl
31713,Rasla Greenaway,rgreenawayfc@elegantthemes.com
640,Emelyne Greatbanks,egreatbanksfd@wsj.com
561939,Brant Benny,bbennyfe@livejournal.com
371293,Avictor Yegorchenkov,ayegorchenkovff@elegantthemes.com
994400,Thorn Whitlaw,twhitlawfg@nps.gov
354940,Dougie Gainor,dgainorfh@spiegel.de
811195,Ron Iveagh,riveaghfi@blogspot.com
304276,Titus Di Francecshi,tdifj@yellowpages.com
392307,Gerianna Mitchel,gmitchelfk@ibm.com
199988,Philly Jakoviljevic,pjakoviljevicfl@google.de
430489,Kessiah Cancellor,kcancellorfm@i2i.jp
525238,Verney Gouldstraw,vgouldstrawfn@booking.com
12017,Moishe Sayre,msayrefo@joomla.org
422525,Georgi Coopland,gcooplandfp@answers.com
721833,Arlan Linn,alinnfq@hud.gov
389861,Spenser Butt,sbuttfr@free.fr
449383,Cheslie Readwin,creadwinfs@theatlantic.com
501127,Gill Toma,gtomaft@soup.io
622400,Faunie Lathee,flatheefu@fema.gov
417307,Kennedy Hunnisett,khunnisettfv@wordpress.org
334115,Allis Chantree,achantreefw@ucla.edu
239045,Benjie Thoumas,bthoumasfx@ca.gov
439723,Elli Titterell,etitterellfy@delicious.com
70224,Devinne Braunfeld,dbraunfeldfz@123-reg.co.uk
828855,Maddie Nunnerley,mnunnerleyg0@moonfruit.com
785388,Caril Speachley,cspeachleyg1@sitemeter.com
253883,Blondelle Holsall,bholsallg2@forbes.com
419948,Wren Raden,wradeng3@hc360.com
783853,Farr Sizland,fsizlandg4@freewebs.com
8283,Melisande Maulkin,mmaulking5@posterous.com
89229,Bale Gilbanks,bgilbanksg6@barnesandnoble.com
591971,Coralyn MacAlester,cmacalesterg7@senate.gov
39306,Johan Cleaton,jcleatong8@webmd.com
356321,Trev Blacker,tblackerg9@hc360.com
43176,Aldwin Royston,aroystonga@eventbrite.com
616961,Wilow Cleyne,wcleynegb@live.com
120591,Whitney Snead,wsneadgc@linkedin.com
700251,Christiane Draude,cdraudegd@nbcnews.com
868679,Tomi Shallcroff,tshallcroffge@jiathis.com
346090,Brittany Cartlidge,bcartlidgegf@devhub.com
355666,Rhett d' Eye,rdgg@nbcnews.com
842802,Montague Ilyushkin,milyushkingh@ning.com
761065,Robinetta Collihole,rcolliholegi@facebook.com
443240,Audry Ansell,aansellgj@macromedia.com
617079,Katha Oldman,koldmangk@pcworld.com
365179,Bowie Ames,bamesgl@yahoo.com
80942,Kimbra Ivantsov,kivantsovgm@usatoday.com
384256,Phillie Coysh,pcoyshgn@soundcloud.com
692665,Dill Paal,dpaalgo@shutterfly.com
158661,Lucia Adds,laddsgp@bbb.org
715152,Zeke Sancroft,zsancroftgq@oaic.gov.au
573012,Queenie Baglin,qbaglingr@wix.com
661710,Morlee Hainey,mhaineygs@icio.us
124309,Lewiss Weatherburn,lweatherburngt@who.int
464667,Rennie Reignould,rreignouldgu@hubpages.com
116621,Benedetto Thrustle,bthrustlegv@washington.edu
994425,Minor Blore,mbloregw@joomla.org
512044,Ingamar Sparkes,isparkesgx@gravatar.com
374249,Cecilia Seniour,cseniourgy@amazon.com
442322,Cheston Terbrug,cterbruggz@dagondesign.com
995038,Leanna Ruffey,lruffeyh0@chronoengine.com
419116,Caroline Immins,cimminsh1@admin.ch
863964,Afton Gian,agianh2@soundcloud.com
693650,Gorden Gerbi,ggerbih3@ycombinator.com
57750,Dusty Boyington,dboyingtonh4@wired.com
73780,Dani Gusney,dgusneyh5@unesco.org
856417,Carita Shelvey,cshelveyh6@addtoany.com
583187,Burg Overington,boveringtonh7@goo.gl
446377,Ardys Millott,amillotth8@springer.com
152450,Ward Wavish,wwavishh9@virginia.edu
106159,Gabriella Quartermain,gquartermainha@list-manage.com
479815,Rolando Lapslie,rlapsliehb@fema.gov
148314,Izak Gunnell,igunnellhc@cpanel.net
518044,Prentice Brownsword,pbrownswordhd@forbes.com
551186,Lynett Antonchik,lantonchikhe@wp.com
576397,Bing Wellen,bwellenhf@shareasale.com
522880,Katrinka Forrestor,kforrestorhg@mlb.com
801561,Peter Jesper,pjesperhh@rediff.com
449880,Michal Prinn,mprinnhi@time.com
642027,Randa Gueste,rguestehj@army.mil
767713,Ambrosius Simpole,asimpolehk@epa.gov
803460,Hamish Ossipenko,hossipenkohl@yale.edu
843030,Jimmie Rennebach,jrennebachhm@craigslist.org
434360,Stephani Whaymand,swhaymandhn@slashdot.org
370088,Tallie Alessandone,talessandoneho@tripod.com
407826,Hanna Galiford,hgalifordhp@shareasale.com
729836,Ray Angerstein,rangersteinhq@unblog.fr
441174,Flory Newbury,fnewburyhr@java.com
705787,Hermia Bamborough,hbamboroughhs@cam.ac.uk
700253,Byram Denge,bdengeht@twitter.com
649305,Ethan Gergely,egergelyhu@xrea.com
98540,Christalle Sherbrook,csherbrookhv@wordpress.com
107414,Linc Dreng,ldrenghw@discuz.net
407310,Morgan Greensite,mgreensitehx@geocities.jp
811727,Breena Antonoczyk,bantonoczykhy@bigcartel.com
716467,Peterus Szymonwicz,pszymonwiczhz@tamu.edu
613724,Harri Boddice,hboddicei0@google.com
645823,Papageno Glazier,pglazieri1@ning.com
207931,Brade Triggol,btriggoli2@narod.ru
568211,Ivor Dahill,idahilli3@histats.com
191619,Winnie Blasoni,wblasonii4@delicious.com
232480,Athene Redmore,aredmorei5@slideshare.net
109848,Mattheus Racine,mracinei6@bloglovin.com
393295,Wade Janes,wjanesi7@zimbio.com
168784,Nissie Orfeur,norfeuri8@mozilla.org
149879,Darrell Cubbin,dcubbini9@youku.com
82682,Jamal Ludl,jludlia@google.ca
700902,Ki O'Sheerin,kosheerinib@slideshare.net
830930,Carroll Deuss,cdeussic@barnesandnoble.com
201133,Clyde Hampshaw,champshawid@gnu.org
907646,Cherianne Blow,cblowie@bravesites.com
548576,Morgan Bliss,mblissif@admin.ch
33335,Timi Frankish,tfrankishig@hatena.ne.jp
399053,Giffard De Mitri,gdeih@wikipedia.org
689744,Bridgette Braganca,bbragancaii@instagram.com
310803,Buck Speenden,bspeendenij@uiuc.edu
685823,Linnet Floyed,lfloyedik@google.co.uk
305293,Sebastiano Haggis,shaggisil@simplemachines.org
863636,Rutger Tippett,rtippettim@home.pl
666696,Pippo Hurlin,phurlinin@soup.io
620419,Rutter Kacheler,rkachelerio@alexa.com
306268,Orv Bredbury,obredburyip@etsy.com
177633,Lonny Hookes,lhookesiq@bloglovin.com
695510,Kellen Hatwell,khatwellir@eventbrite.com
891536,Tove Bendon,tbendonis@macromedia.com
832987,Elmo Marsham,emarshamit@edublogs.org
541565,Teodorico Gwynne,tgwynneiu@tmall.com
941506,Tomasina Haysman,thaysmaniv@ihg.com
95441,Alberta Ledgley,aledgleyiw@china.com.cn
979659,Birgit McLukie,bmclukieix@alexa.com
157007,Dani Mercer,dmerceriy@paginegialle.it
167851,Ginni Kitley,gkitleyiz@ucla.edu
318057,Zaneta Brech,zbrechj0@bandcamp.com
422278,Paulie Fundell,pfundellj1@symantec.com
276998,Crissy Snow,csnowj2@state.gov
164407,Charmian Shwalbe,cshwalbej3@stumbleupon.com
626425,Cirstoforo Crosbie,ccrosbiej4@skype.com
873777,Hugibert Ionesco,hionescoj5@chicagotribune.com
840734,Meade Meadmore,mmeadmorej6@alexa.com
903155,Anthony Labat,alabatj7@lulu.com
958759,Fergus Portingale,fportingalej8@paypal.com
278525,Christin Dunckley,cdunckleyj9@google.fr
546573,Jerri Dando,jdandoja@newsvine.com
10266,Pippo Thandi,pthandijb@theguardian.com
957553,Susan Silverwood,ssilverwoodjc@ibm.com
918358,Genia Buffery,gbufferyjd@mlb.com
361468,Kelbee Pratty,kprattyje@va.gov
103689,Abbe Torrans,atorransjf@nsw.gov.au
105602,Bondie Orbine,borbinejg@spotify.com
703476,Norbert Clingan,nclinganjh@reference.com
334918,Mercie Maleney,mmaleneyji@alexa.com
811042,Evvie Diggle,edigglejj@photobucket.com
224695,Kelley Handyside,khandysidejk@stumbleupon.com
698850,Cyril Wren,cwrenjl@youku.com
400063,Tera Polet,tpoletjm@blogspot.com
33276,Annabell Billitteri,abillitterijn@opera.com
240213,Suellen Cobden,scobdenjo@ask.com
630913,Hussein Guilloneau,hguilloneaujp@stanford.edu
111361,Valle Corrado,vcorradojq@sciencedirect.com
277561,Keefer Brennans,kbrennansjr@nsw.gov.au
323225,Harp Ackrill,hackrilljs@moonfruit.com
959299,Nobe Peasegood,npeasegoodjt@discovery.com
378824,Aloysius MacKimm,amackimmju@redcross.org
511694,Rozanna Mabon,rmabonjv@spotify.com
925813,Bernardine Zum Felde,bzumjw@usatoday.com
663122,Kippie Mayers,kmayersjx@ocn.ne.jp
700904,Brandy Jefferd,bjefferdjy@kickstarter.com
769340,Baldwin Killick,bkillickjz@deviantart.com
710051,Skippy Utley,sutleyk0@paypal.com
717501,Robby Ganny,rgannyk1@forbes.com
558798,Michelina Scawton,mscawtonk2@forbes.com
660747,Costanza Meriott,cmeriottk3@hexun.com
7834,Dionysus Garter,dgarterk4@elpais.com
526376,Aimil Tohill,atohillk5@newsvine.com
807335,Bree Jacobsohn,bjacobsohnk6@mac.com
847429,Morna Dearle-Palser,mdearlepalserk7@squarespace.com
565834,Celle Liff,cliffk8@shutterfly.com
836825,Tony Tilliards,ttilliardsk9@dedecms.com
759113,D'arcy Edensor,dedensorka@artisteer.com
518658,Muhammad Chomicki,mchomickikb@sakura.ne.jp
136532,Ferne Jakoviljevic,fjakoviljevickc@goodreads.com
679288,Dare Manach,dmanachkd@friendfeed.com
56851,Angeli Rusted,arustedke@cisco.com
931068,Hasheem Maasz,hmaaszkf@jimdo.com
416693,Tyrone Wandrich,twandrichkg@csmonitor.com
574405,Tam Birrell,tbirrellkh@virginia.edu
966631,Lynda Cescot,lcescotki@purevolume.com
19264,Agnola Clampe,aclampekj@desdev.cn
982800,Marcello Paler,mpalerkk@cam.ac.uk
408345,Moyna Giacopelo,mgiacopelokl@springer.com
969320,Errick Pawlik,epawlikkm@cnbc.com
876052,Krissy Maudett,kmaudettkn@blogspot.com
356952,Marylin Bardell,mbardellko@arstechnica.com
739474,Cullan Ambrogelli,cambrogellikp@nationalgeographic.com
673194,Cristie Glyne,cglynekq@dailymotion.com
890521,Lief McCunn,lmccunnkr@freewebs.com
841640,Sergei Mongeot,smongeotks@wikimedia.org
799618,Karel Suggitt,ksuggittkt@unblog.fr
976764,Almire Nears,anearsku@cdbaby.com
148926,Amalita Allner,aallnerkv@vk.com
434013,Mariam Wilcock,mwilcockkw@scribd.com
595866,Jannelle Lissandri,jlissandrikx@mayoclinic.com
39143,Raul Machan,rmachanky@squarespace.com
261592,Bary Sarch,bsarchkz@github.io
863137,Melicent Olyunin,molyuninl0@pagesperso-orange.fr
958745,Mozelle Nestoruk,mnestorukl1@mapquest.com
507182,Tildi Bewick,tbewickl2@hc360.com
415038,Alister Elfe,aelfel3@unblog.fr
339175,Seamus Zellner,szellnerl4@qq.com
784093,Willi Vlasenko,wvlasenkol5@themeforest.net
326222,Staci Geillier,sgeillierl6@mapquest.com
676127,Free Stiegers,fstiegersl7@a8.net
171285,Wain Livsey,wlivseyl8@scientificamerican.com
593538,Smitty Klehn,sklehnl9@e-recht24.de
527888,Mariam Van Weedenburg,mvanla@comcast.net
561870,Zachary Haythornthwaite,zhaythornthwaitelb@diigo.com
265843,Monica Darree,mdarreelc@illinois.edu
7354,Saundra Brunger,sbrungerld@ca.gov
646255,Beltran Allinson,ballinsonle@ftc.gov
361350,Lissy Freiburger,lfreiburgerlf@360.cn
367473,Duky Stiegars,dstiegarslg@discuz.net
78779,Elissa Domotor,edomotorlh@qq.com
7795,Meredith Gillison,mgillisonli@wordpress.org
40623,Danila Algie,dalgielj@cloudflare.com
747130,Grace Brantl,gbrantllk@ovh.net
299586,Ladonna Freund,lfreundll@odnoklassniki.ru
718738,Ellette Greasley,egreasleylm@ed.gov
14553,Auberta Gange,agangeln@nps.gov
322053,Winslow Devenish,wdevenishlo@hibu.com
134463,Roby Hancorn,rhancornlp@csmonitor.com
853260,Nata Jeffreys,njeffreyslq@google.co.uk
400773,Pamella Tinton,ptintonlr@issuu.com
349907,Rodina Tilford,rtilfordls@prweb.com
424583,Tiertza Dell'Abbate,tdellabbatelt@nbcnews.com
316137,Ardeen Knibbs,aknibbslu@reverbnation.com
795303,Amelita Kildahl,akildahllv@booking.com
138704,Rodrigo Warlowe,rwarlowelw@globo.com
381922,Leelah Geane,lgeanelx@yale.edu
112189,Bennett Ormonde,bormondely@census.gov
867449,Anjanette Roderighi,aroderighilz@csmonitor.com
287335,Marcelia Kauffman,mkauffmanm0@taobao.com
151896,Nissa Mirrlees,nmirrleesm1@bloglines.com
848950,Willem Gerrard,wgerrardm2@reverbnation.com
879814,Collie Houndesome,choundesomem3@symantec.com
119382,Vivianne Breslauer,vbreslauerm4@amazonaws.com
143786,Pen Heugle,pheuglem5@last.fm
417307,Kettie Dunphie,kdunphiem6@linkedin.com
342427,Cris Grigori,cgrigorim7@intel.com
972679,Mildrid O' Ronan,mom8@marketwatch.com
492745,Mychal Labbey,mlabbeym9@bigcartel.com
254940,Wayne Freed,wfreedma@hexun.com
628198,Gabriellia Lindores,glindoresmb@networksolutions.com
553991,Jeramey Swainston,jswainstonmc@foxnews.com
157188,Thain Toner,ttonermd@flickr.com
253880,Celestyn Lethebridge,clethebridgeme@issuu.com
614438,Cathrine Manssuer,cmanssuermf@cocolog-nifty.com
981295,Dewey Ralph,dralphmg@ustream.tv
141391,Toiboid Warnes,twarnesmh@gravatar.com
168079,Alica Brogan,abroganmi@privacy.gov.au
719536,Garv Appleford,gapplefordmj@admin.ch
243437,Orson Purtell,opurtellmk@parallels.com
800996,Dylan Pyper,dpyperml@ucoz.com
647517,Sonnnie Glasser,sglassermm@yahoo.com
415956,Glen McFade,gmcfademn@yahoo.co.jp
189200,Hunfredo Salmon,hsalmonmo@japanpost.jp
834653,Claudius Bartczak,cbartczakmp@free.fr
977351,Miles Ruggen,mruggenmq@mysql.com
167315,Jared Boddam,jboddammr@paypal.com
331411,Kent Mathouse,kmathousems@msn.com
932760,Darryl Bru,dbrumt@chronoengine.com
68653,Alisa Tibbits,atibbitsmu@marriott.com
183521,Corly Bent,cbentmv@google.com.au
695409,Gus Philps,gphilpsmw@jalbum.net
330294,Andy Redferne,aredfernemx@tinyurl.com
585092,Manuel Mackro,mmackromy@wordpress.org
696366,Jamey Milmoe,jmilmoemz@telegraph.co.uk
416591,Juliana Doggart,jdoggartn0@discuz.net
361633,Adela Kelcher,akelchern1@va.gov
189812,Lindsay Effnert,leffnertn2@blogtalkradio.com
324854,Jeffry Bradden,jbraddenn3@businesswire.com
784183,Morly Cressey,mcresseyn4@hugedomains.com
92777,Bunny Maly,bmalyn5@chronoengine.com
807110,Zackariah Sprull,zsprulln6@state.tx.us
346478,Layney Pawling,lpawlingn7@ca.gov
801395,Alicea Monkeman,amonkemann8@people.com.cn
853791,Angelika Housin,ahousinn9@wunderground.com
382927,Mada Michelin,mmichelinna@tumblr.com
299072,Emmye Bisseker,ebissekernb@ask.com
945462,Leanora Athridge,lathridgenc@xinhuanet.com
431096,Chadd Plain,cplainnd@gizmodo.com
937643,Donall Lackington,dlackingtonne@fema.gov
733020,Brand Cogzell,bcogzellnf@digg.com
220598,Algernon Dukesbury,adukesburyng@thetimes.co.uk
506119,Manuel Kindleysides,mkindleysidesnh@etsy.com
428072,Herb Myring,hmyringni@mapquest.com
233843,Tish Petkov,tpetkovnj@gmpg.org
928759,Milicent Raper,mrapernk@studiopress.com
378867,Emmanuel Lambrecht,elambrechtnl@gov.uk
50321,Grayce Moogan,gmoogannm@oakley.com
757427,Doreen Dominico,ddominiconn@privacy.gov.au
636955,Suellen Pilipets,spilipetsno@youku.com
116612,Tristan MacAllan,tmacallannp@blogs.com
270889,Beilul Randal,brandalnq@pen.io
854293,Christiano Sigg,csiggnr@baidu.com
643629,Codi Dewbury,cdewburyns@surveymonkey.com
42547,Rhianna Spread,rspreadnt@stumbleupon.com
654201,Gerik Colin,gcolinnu@google.cn
765933,Katha Godfery,kgodferynv@people.com.cn
381628,Fraser Benning,fbenningnw@sun.com
801432,Madison Menham,mmenhamnx@youtu.be
710401,Luise Fulmen,lfulmenny@vinaora.com
153877,Laverne Monkhouse,lmonkhousenz@bing.com
77708,Solomon Cuddon,scuddono0@edublogs.org
314434,Basia Bonner,bbonnero1@livejournal.com
623620,Barnie Burcher,bburchero2@jimdo.com
712770,Holmes Minot,hminoto3@timesonline.co.uk
803874,Luisa Bleyman,lbleymano4@a8.net
423939,Prentice Ruperti,prupertio5@ameblo.jp
425254,Evanne Goldster,egoldstero6@bing.com
219495,Chase Castillon,ccastillono7@shutterfly.com
650097,Rolf Millership,rmillershipo8@privacy.gov.au
193362,Karim Delafont,kdelafonto9@csmonitor.com
735065,Carolee Footitt,cfootittoa@blogger.com
675785,Cliff Zielinski,czielinskiob@mlb.com
200049,Hannis Casarino,hcasarinooc@sciencedirect.com
922527,Aretha Janaszkiewicz,ajanaszkiewiczod@globo.com
132468,Hilario MacShane,hmacshaneoe@gizmodo.com
298574,Cherye Copeland,ccopelandof@cbslocal.com
373007,Welsh Templeton,wtempletonog@over-blog.com
851021,Ruthi Norheny,rnorhenyoh@dmoz.org
112669,Dickie Rupke,drupkeoi@google.nl
978129,Marketa Allaker,mallakeroj@hud.gov
748773,Wilmer Tatters,wtattersok@amazonaws.com
922725,Doreen Webling,dweblingol@taobao.com
26954,Giles Lapish,glapishom@home.pl
72298,Kitti Waker,kwakeron@vinaora.com
884467,Francois Benian,fbenianoo@alibaba.com
845306,Bianca Raddon,braddonop@examiner.com
481316,Beverie Bunny,bbunnyoq@sun.com
275866,Roldan Laye,rlayeor@w3.org
497639,Cahra Dole,cdoleos@seattletimes.com
445603,Lilla Hoovart,lhoovartot@scientificamerican.com
656779,Effie Phonix,ephonixou@ed.gov
913411,Deanne Durrell,ddurrellov@prnewswire.com
424402,Dorisa Gimbrett,dgimbrettow@who.int
595302,Stanfield Maile,smaileox@jigsy.com
703374,Janetta Munehay,jmunehayoy@uiuc.edu
580434,Tanney Frears,tfrearsoz@nps.gov
229836,Aurie Worledge,aworledgep0@ask.com
255328,Roscoe Jirick,rjirickp1@merriam-webster.com
302569,Natal Echallie,nechalliep2@ask.com
600520,Sarita Willcox,swillcoxp3@oaic.gov.au
281190,Inga Quest,iquestp4@accuweather.com
33029,Simmonds Florio,sfloriop5@github.com
432627,Lyndsey Tomicki,ltomickip6@opensource.org
222481,Claudius Gyrgorcewicx,cgyrgorcewicxp7@wikia.com
981076,Olympie Beeres,obeeresp8@hostgator.com
237285,Daffy Stable,dstablep9@blog.com
302739,Ezequiel Siderfin,esiderfinpa@ed.gov
460947,Erin Shafe,eshafepb@miitbeian.gov.cn
204301,Norbert Bentote,nbentotepc@tumblr.com
299344,Jacynth Chellam,jchellampd@xinhuanet.com
580010,Rodina Mitchiner,rmitchinerpe@go.com
546653,Dusty Stanbridge,dstanbridgepf@twitter.com
39563,Shepperd Ketton,skettonpg@google.cn
590110,Loydie Itzkovici,litzkoviciph@umich.edu
380572,Dukie Worstall,dworstallpi@networkadvertising.org
335358,Johannah Plaskitt,jplaskittpj@uol.com.br
264084,Paddy Macallam,pmacallampk@patch.com
403315,Roxanna O'Dowd,rodowdpl@ox.ac.uk
73842,Blondelle Gidney,bgidneypm@github.com
247141,Doralynn Symmers,dsymmerspn@lycos.com
419514,Karel Purveys,kpurveyspo@w3.org
70973,Didi Halksworth,dhalksworthpp@virginia.edu
500702,Ann-marie Crossfield,acrossfieldpq@domainmarket.com
703463,Fiorenze Essam,fessampr@istockphoto.com
612989,Anthe Tidman,atidmanps@pen.io
743727,Northrup Newgrosh,nnewgroshpt@kickstarter.com
498264,Wilmar Hammant,whammantpu@google.co.uk
581351,Kathlin Freebury,kfreeburypv@macromedia.com
199803,Justinian Smickle,jsmicklepw@cnbc.com
927629,Micah Kittle,mkittlepx@smugmug.com
592682,Eyde Hucker,ehuckerpy@chronoengine.com
405928,Keelia Vickors,kvickorspz@epa.gov
365667,Mychal Pietz,mpietzq0@forbes.com
293362,Mellie Borrows,mborrowsq1@dedecms.com
635569,Patrice Denman,pdenmanq2@cbc.ca
148444,Dinny Makepeace,dmakepeaceq3@barnesandnoble.com
342410,Virgie Akid,vakidq4@prnewswire.com
921105,Mendie Wildman,mwildmanq5@narod.ru
249695,Margo Plaide,mplaideq6@redcross.org
184684,Aili Kiraly,akiralyq7@blog.com
530657,Vinny Bourtoumieux,vbourtoumieuxq8@furl.net
967812,Tova Gookes,tgookesq9@spotify.com
722764,Freda Stowe,fstoweqa@ask.com
515964,Ezekiel Riddington,eriddingtonqb@tinypic.com
977464,Dulcinea Venturoli,dventuroliqc@123-reg.co.uk
572218,Heinrick Jerram,hjerramqd@marriott.com
710702,Ahmad Lemon,alemonqe@taobao.com
886978,Sheree Merigot,smerigotqf@ovh.net
208812,Abramo Creeghan,acreeghanqg@fotki.com
244928,Bella McVane,bmcvaneqh@amazon.co.uk
247847,Noelyn Bettaney,nbettaneyqi@hud.gov
268875,Ole Bastie,obastieqj@devhub.com
706814,Thedric Jerram,tjerramqk@skyrock.com
547839,Karly Gunning,kgunningql@miibeian.gov.cn
194279,Alden Nichol,anicholqm@webeden.co.uk
785202,Petunia Russo,prussoqn@ehow.com
577113,Matti Sprionghall,msprionghallqo@nymag.com
782814,Parke Wrinch,pwrinchqp@cbslocal.com
896362,Carleen Kennington,ckenningtonqq@elpais.com
742182,Lora Marnane,lmarnaneqr@fda.gov
634,Kelwin Braniff,kbraniffqs@patch.com
505315,Gray Houliston,ghoulistonqt@symantec.com
528500,Jard Ceresa,jceresaqu@marketwatch.com
228752,Novelia Hawken,nhawkenqv@foxnews.com
247079,Finlay Ilyasov,filyasovqw@google.es
134648,Iago Yurikov,iyurikovqx@nationalgeographic.com
824796,Corty Loding,clodingqy@vinaora.com
443611,Ray McGurgan,rmcgurganqz@about.com
722245,Fowler Singers,fsingersr0@ycombinator.com
27527,Ansley Noquet,anoquetr1@sourceforge.net
318794,Petrina Beckworth,pbeckworthr2@ycombinator.com
851025,Duffie Hearl,dhearlr3@nyu.edu
769490,Ewen Furley,efurleyr4@wikia.com
399206,Stanislas Ost,sostr5@wordpress.com
116450,Sindee Feben,sfebenr6@free.fr
932341,Leontine Perillo,lperillor7@hp.com
407750,Nicola Mallard,nmallardr8@pbs.org
791322,Antoine Rappaport,arappaportr9@unicef.org
332656,Inga Tollmache,itollmachera@technorati.com
666377,Bernadene Laydon,blaydonrb@vimeo.com
211855,Elvis Blowfield,eblowfieldrc@virginia.edu
384484,Marian Thickins,mthickinsrd@seattletimes.com
632749,Frayda Lared,flaredre@bbb.org
702094,Shamus Ryson,srysonrf@nymag.com
387390,Nicolea Offener,noffenerrg@free.fr
132997,Mallorie Durtnell,mdurtnellrh@fda.gov
590393,Noreen Ambrogetti,nambrogettiri@constantcontact.com
129810,Demetra Cobbledick,dcobbledickrj@cdbaby.com
137999,Wally Hitzmann,whitzmannrk@wix.com
947845,Saunder Slaymaker,sslaymakerrl@fc2.com
801128,Mel Arnaldy,marnaldyrm@scribd.com
413245,Lillian Warcop,lwarcoprn@drupal.org
795859,Chevalier Bellhouse,cbellhousero@qq.com
984850,Pamella Burfield,pburfieldrp@ask.com
886029,Cloe Kirdsch,ckirdschrq@dropbox.com
524793,Noami Heald,nhealdrr@amazon.de
